en.wikipedia.org,"Taxi_(film_series)",689,26
en.wikipedia.org,"Shanghai_Pardeh",43,1
en.wikipedia.org,"Planetary_Radio",386,1
en.wikipedia.org,"2007_Mid-American_Conference_Baseball_Tournament",142,5
en.wikipedia.org,"Sindri_Sindrason",28,1
en.wikipedia.org,"Marco_Sartor",396,10
en.wikipedia.org,"The_World_Is_in_My_Hands",204,5
en.wikipedia.org,"Music_of_Baltimore",7334,101
en.wikipedia.org,"Gorman-Rupp_Company",126,3
en.wikipedia.org,"Sannata",979,4
en.wikipedia.org,"National_Football_League_rivalries",6593,37
en.wikipedia.org,"Results_of_the_1995_New_South_Wales_state_election_(Legislative_Assembly_M-Z)",34,2
en.wikipedia.org,"Christine_Carpenter_(historian)",183,8
en.wikipedia.org,"CLPPNG",44,12
en.wikipedia.org,"Homalopoma_paucicostatum",166,3
en.wikipedia.org,"Port_Fulton,_Indiana",213,4
en.wikipedia.org,"Zdravko_Kovačević",55,5
en.wikipedia.org,"Oaxaca-class_patrol_vessel",337,13
en.wikipedia.org,"František_Xaver_Dušek",1900,4
en.wikipedia.org,"Persian_Gulf_Complex",151,5
en.wikipedia.org,"Pseudofistulina",25,2
en.wikipedia.org,"List_of_mayors_of_Sudbury,_Ontario",49,47
en.wikipedia.org,"M._Carey_Thomas_Library",402,7
en.wikipedia.org,"50/50_Luv",102,4
en.wikipedia.org,"Nakuru_Lacuna",71,5
en.wikipedia.org,"Mynydd_y_Garn",153,2
en.wikipedia.org,"MV_Agusta_350_Six",933,20
en.wikipedia.org,"Gweru_Polytechnic_Institute",160,0
en.wikipedia.org,"N'Golodiana",40,1
en.wikipedia.org,"C._Anbarasan",81,2
en.wikipedia.org,"Frederick_Detrick",370,1
en.wikipedia.org,"The_Original_All_Blacks",5020,182
en.wikipedia.org,"Illegal_number",497,19
en.wikipedia.org,"Hugo_Pos",186,0
en.wikipedia.org,"Eugenio_de_Llaguno_y_Amírola",20,0
en.wikipedia.org,"2014–15_Rain_or_Shine_Elasto_Painters_season",108,4
en.wikipedia.org,"Dag_Roar_Ørsal",32,0
en.wikipedia.org,"97P/Metcalf–Brewington",52,2
en.wikipedia.org,"Adlabs_Imagica",297,15
en.wikipedia.org,"Aeropus_II_of_Macedon",61,1
en.wikipedia.org,"British_People's_Party_(1939)",786,22
en.wikipedia.org,"Abacetus_katanganus",21,2
en.wikipedia.org,"Charge-transfer_complex",1654,15
en.wikipedia.org,"Elachyophtalma_fergussonis",61,2
en.wikipedia.org,"Creighton_Model_FertilityCare_System",308,12
en.wikipedia.org,"Watchdog_journalism",923,33
en.wikipedia.org,"Apsley,_Hertfordshire",671,2
en.wikipedia.org,"Ralph_Staub_(American_football)",42,0
en.wikipedia.org,"Marlon_Daniel",854,0
en.wikipedia.org,"Nathan_Barnert",283,10
en.wikipedia.org,"Jordi_Cortadella",35,1
en.wikipedia.org,"Rumbek_Airport",133,4
en.wikipedia.org,"Favartia_lappa",37,2
en.wikipedia.org,"Keanan_Duffty",1416,22
en.wikipedia.org,"Yamaha_Tricity",448,2
en.wikipedia.org,"Ben_Self",396,16
en.wikipedia.org,"Download_to_Donate_for_Haiti",284,3
en.wikipedia.org,"Strahlenfelser_Schlossberg",9,0
en.wikipedia.org,"Travis_Cottrell",258,3
en.wikipedia.org,"Is_the_Holocaust_Unique?",153,2
en.wikipedia.org,"South_Union,_Kentucky",220,3
en.wikipedia.org,"Henry_Taylor_(organist)",72,4
en.wikipedia.org,"William_A._McWhorter",277,0
en.wikipedia.org,"Hugo_the_Abominable_Snowman",382,0
en.wikipedia.org,"2007_American_Society_of_Cinematographers_Awards",50,1
en.wikipedia.org,"Artur_Oscar_Lopes",96,5
en.wikipedia.org,"Bookberry",151,1
en.wikipedia.org,"Bernard_Keble_Sandwell",314,7
en.wikipedia.org,"Human_trypanosomiasis",35,2
en.wikipedia.org,"Vice_President_of_Laos",32,1
en.wikipedia.org,"Fresno_kangaroo_rat",647,18
en.wikipedia.org,"Adam_Sender",520,35
en.wikipedia.org,"Beech_Settlement",1620,55
en.wikipedia.org,"Tegal_Buleud",97,0
en.wikipedia.org,"Lalemand_Behaviour_Scale",411,0
en.wikipedia.org,"Pareronia_avatar",29,0
en.wikipedia.org,"Dare_You_(song)",88,13
en.wikipedia.org,"Stephens's_kangaroo_rat",912,16
en.wikipedia.org,"Wabash_Township,_Darke_County,_Ohio",197,9
en.wikipedia.org,"Onfido",623,16
en.wikipedia.org,"Tricksta",188,2
en.wikipedia.org,"Iron_Valley_mine",137,4
en.wikipedia.org,"Bep_Thomas",94,1
en.wikipedia.org,"Metarbela_cymaphora",20,1
en.wikipedia.org,"Hugo_Hoyama",231,12
en.wikipedia.org,"1804_in_the_United_States",11,0
en.wikipedia.org,"Kosacan",163,2
en.wikipedia.org,"Federal_Identity_Program",610,13
en.wikipedia.org,"Malý_Lapáš",76,1
en.wikipedia.org,"Saône-et-Loire's_5th_constituency",81,0
en.wikipedia.org,"O.A.E._Blyberg_House",154,3
en.wikipedia.org,"Batting_out_of_turn",1712,1
en.wikipedia.org,"Tiszatenyő",76,2
en.wikipedia.org,"Josef_Strobach",7,1
en.wikipedia.org,"Xinru_Liu",223,6
en.wikipedia.org,"Staraya_Vasilyevka",28,2
en.wikipedia.org,"Sidłowo",57,1
en.wikipedia.org,"1923_Malaya_Cup",223,4
en.wikipedia.org,"Ramgarh,_Lahore",22,0
en.wikipedia.org,"Iolaus_tajoraca",43,2
de.wikipedia.org,"Satz_von_Wallace",202,5
de.wikipedia.org,"Nikolaus_von_Tolentino",356,1
de.wikipedia.org,"Liste_der_Grafen_von_Saarbrücken",182,0
de.wikipedia.org,"Bahnhöfe_in_Ulm",1983,23
de.wikipedia.org,"Lithium-bis(trimethylsilyl)amid",140,13
de.wikipedia.org,"Gottfried_Jetter",282,0
de.wikipedia.org,"Landtagswahlkreis_Hohenmölsen-Weißenfels",104,5
de.wikipedia.org,"Die_Reise_nach_Komakuku",487,0
de.wikipedia.org,"Alfred_Bunzol",267,0
de.wikipedia.org,"Ramesh_Chandra_Majumdar",639,9
de.wikipedia.org,"Giuliano_Esperati",117,1
de.wikipedia.org,"Kulturkampf",2362,30
de.wikipedia.org,"Richard_Nicolls",654,0
de.wikipedia.org,"Hans_Peter_Stalder",85,5
de.wikipedia.org,"David_Levine_(Pianist)",145,0
de.wikipedia.org,"Karin_Baal",677,1
de.wikipedia.org,"Anwälte_im_Einsatz",379,1
de.wikipedia.org,"Matt_Lauria",69,4
de.wikipedia.org,"1._FK_Drnovice",995,0
de.wikipedia.org,"Maria_Wern,_Kripo_Gotland",297,1
de.wikipedia.org,"Großsteingräber_bei_Gimritz",341,0
de.wikipedia.org,"Carl_Herzog_von_Württemberg",631,4
de.wikipedia.org,"James_Clifton_Wilson",339,0
de.wikipedia.org,"Cindy_Dolenc",251,0
de.wikipedia.org,"Ruine_Hohenmelchingen",256,0
de.wikipedia.org,"Ernst_Bratuscheck",127,0
de.wikipedia.org,"1._divisjon_1952/53",94,0
de.wikipedia.org,"Stan_Valckx",124,0
de.wikipedia.org,"Mals_(Mals)",1400,2
de.wikipedia.org,"Kraftwerk_Gneisenau",116,4
de.wikipedia.org,"Liste_der_Bourbaki-Seminare_2010_bis_2019",67,0
de.wikipedia.org,"Balkan_(Schiff,_1883)",360,0
de.wikipedia.org,"Filmfare_Award/Beste_Nebendarstellerin",63,0
de.wikipedia.org,"Rudolf_May",539,0
de.wikipedia.org,"George_Lascelles,_7._Earl_of_Harewood",535,2
de.wikipedia.org,"Ernst_Habermas",104,1
de.wikipedia.org,"Fettschwalm",766,5
de.wikipedia.org,"Caleb_Green",94,1
de.wikipedia.org,"Manuela_Weichelt-Picard",192,1
de.wikipedia.org,"Heath_Blackgrove",338,5
de.wikipedia.org,"Liste_der_Baudenkmäler_in_Staudach-Egerndach",70,1
de.wikipedia.org,"Aisha_Lemu",376,18
de.wikipedia.org,"Fraunhofer-Institut_für_Arbeitswirtschaft_und_Organisation",1038,13
de.wikipedia.org,"Jim_Laurier",219,2
de.wikipedia.org,"Annemarie_Brodhagen",178,5
de.wikipedia.org,"Argyll_and_Bute_(Wahlkreis,_Vereinigtes_Königreich)",181,10
de.wikipedia.org,"Halblangzeichen",58,0
de.wikipedia.org,"Nanarup",199,2
de.wikipedia.org,"Konstruktion_(Grammatik)",49,0
de.wikipedia.org,"Yao_Xue",80,0
de.wikipedia.org,"Nordheim_am_Main",8404,95
de.wikipedia.org,"Nikola_Gjoševski",259,0
de.wikipedia.org,"Laudenauer_Bach",134,3
de.wikipedia.org,"Vorhaben-_und_Erschließungsplan",112,0
de.wikipedia.org,"Jakob_Fugger_der_Reiche_(Dürer)",323,2
de.wikipedia.org,"Vaterunser-Kirche_(Willsbach)",281,0
de.wikipedia.org,"Sven_Anton",759,7
de.wikipedia.org,"S-75",1189,10
de.wikipedia.org,"Surfer,_Dude",161,6
de.wikipedia.org,"Mladota_von_Solopisk",720,7
de.wikipedia.org,"Effektivsteuersatz",379,2
de.wikipedia.org,"Titularbistum_Buxentum",29,0
de.wikipedia.org,"Candelaria_(Teneriffa)",274,1
de.wikipedia.org,"Wellbach_(Salza)",35,1
de.wikipedia.org,"Niedermünsterkirche",395,1
de.wikipedia.org,"Passepied",164,1
de.wikipedia.org,"Bruyères-sur-Fère",135,3
de.wikipedia.org,"Giant_(Fahrradhersteller)",398,2
de.wikipedia.org,"Billy_Hart",233,1
de.wikipedia.org,"Bruckmühle_(Schwieberdingen)",357,0
de.wikipedia.org,"Hans_Meyer_(Grafiker)",277,9
de.wikipedia.org,"Schloss_Clagny",186,0
de.wikipedia.org,"Ol_Chiki",1079,0
de.wikipedia.org,"Markgrafschaft_Ostligurien",201,0
de.wikipedia.org,"Siegfried_Punt",210,5
de.wikipedia.org,"Louis_Renner",364,2
de.wikipedia.org,"Osternbach",130,0
de.wikipedia.org,"Kelly_Roberty",212,7
de.wikipedia.org,"Regulakette",57,0
de.wikipedia.org,"Albert_Zoer",150,15
de.wikipedia.org,"Tooting_Broadway_(London_Underground)",193,4
de.wikipedia.org,"Liste_der_Einträge_im_National_Register_of_Historic_Places_im_Franklin_County_(Arkansas)",39,0
de.wikipedia.org,"Karl_Lütge_(Kirchenmusiker)",144,2
de.wikipedia.org,"Neufeldenwasser",68,1
de.wikipedia.org,"Bistum_Lisala",173,3
de.wikipedia.org,"Syntaktische_Indexierung",264,0
en.wikipedia.org,"2007_in_the_Democratic_Republic_of_the_Congo",97,7
de.wikipedia.org,"Yoshi_(Mondkrater)",49,2
en.wikipedia.org,"OYABUN",359,12
de.wikipedia.org,"Quintus_Pompeius_Sosius_Falco",105,1
de.wikipedia.org,"Oberbözberg",809,8
de.wikipedia.org,"Li_Wenyan",68,0
de.wikipedia.org,"Ameisenjäger",207,2
de.wikipedia.org,"Keith_Carlock",228,3
de.wikipedia.org,"Publius_Plautius_Pulcher",317,12
en.wikipedia.org,"Best_of_Dark_Horse_1976–1989",1101,55
en.wikipedia.org,"Metropolitan_Police_strike_of_1872",124,1
de.wikipedia.org,"Catawba_(Rebsorte)",356,0
de.wikipedia.org,"Beidendorfer_See",272,5
en.wikipedia.org,"The_Black_Box_Revelation",1001,11
de.wikipedia.org,"Biria_unplugged",236,2
de.wikipedia.org,"Holzmühl_(Egenhofen)",46,1
en.wikipedia.org,"Iwar_von_Lücken",654,0
en.wikipedia.org,"Jenks_Park_&_Cogswell_Tower",179,3
en.wikipedia.org,"The_Fashionable_Lover",52,2
en.wikipedia.org,"Rich_Marotta",336,1
en.wikipedia.org,"Deepak_Banker",49,0
de.wikipedia.org,"Konrad_Eubel",539,0
de.wikipedia.org,"Wol_(Wytschegda)",60,6
en.wikipedia.org,"Taylor's_(department_store)",38,0
en.wikipedia.org,"Fabry_(crater)",361,2
en.wikipedia.org,"Willard,_California",124,3
en.wikipedia.org,"Ivan_Naydenov",22,1
en.wikipedia.org,"Edmondsham",136,2
en.wikipedia.org,"Academic_boycott_of_Israel",6306,150
en.wikipedia.org,"Fleurs_Aerodrome",173,0
en.wikipedia.org,"List_of_Canadian_women_writers_in_French",27,0
en.wikipedia.org,"Brain_and_Creativity_Institute",83,0
en.wikipedia.org,"Virine",32,1
en.wikipedia.org,"Amar_Ben_Belgacem",160,1
en.wikipedia.org,"Mazagón",442,0
en.wikipedia.org,"Laccariopsis",88,6
en.wikipedia.org,"Boundary_Waters_Canoe_Area_Wilderness_Act",1974,31
en.wikipedia.org,"V._V._K._Valath",577,18
en.wikipedia.org,"Marc_Minguell",25,1
en.wikipedia.org,"Asaphocrita_amatricis",17,1
en.wikipedia.org,"Manuela_Santiago_Collazo",308,1
en.wikipedia.org,"Galaxy_Turnpike",57,17
en.wikipedia.org,"CER-202",26,0
en.wikipedia.org,"Spitakia,_Thessaloniki",44,5
en.wikipedia.org,"Coat_of_arms_of_Zagreb",62,1
en.wikipedia.org,"Hazur_Sahib_Nanded–Bangalore_City_Express",269,4
en.wikipedia.org,"The_Cheap_Show",609,0
en.wikipedia.org,"Lerum_Municipality",105,3
en.wikipedia.org,"Beaulieu-sur-Sonnette",12,1
en.wikipedia.org,"2013_World_Championships_in_Athletics_–_Women's_discus_throw",187,6
en.wikipedia.org,"Justin_Lhérisson",118,0
en.wikipedia.org,"2016_Patriot_League_Men's_Soccer_Tournament",95,2
en.wikipedia.org,"List_of_UK_R&B_Albums_Chart_number_ones_of_2001",67,54
en.wikipedia.org,"Philodoria_nigrelloides",43,0
en.wikipedia.org,"Di(propylene_glycol)_methyl_ether",45,7
en.wikipedia.org,"Ashbrook_(crater)",146,0
en.wikipedia.org,"Brazilian_Agricultural_Research_Corporation",316,4
en.wikipedia.org,"Capones_Island",259,2
en.wikipedia.org,"Sean_Barrett_(economist)",542,7
en.wikipedia.org,"Kimurgor_Ngeny",22,1
en.wikipedia.org,"Jim_Franklin_(director)",27,0
en.wikipedia.org,"1994_Tokyo_Indoor_–_Doubles",36,0
en.wikipedia.org,"Marjie_Lawrence",726,24
en.wikipedia.org,"1998_Calder_Cup_playoffs",328,10
en.wikipedia.org,"Encarnación_Ezcurra",320,0
en.wikipedia.org,"Georg_Wolfgang_Knorr",20,0
en.wikipedia.org,"Amy_Friedkin",196,4
en.wikipedia.org,"2011_SC191",273,12
en.wikipedia.org,"Eburia_postica",13,1
en.wikipedia.org,"Castle_Williams",856,2
en.wikipedia.org,"John_Bourke,_1st_Earl_of_Mayo",190,3
en.wikipedia.org,"Armand_Zunder",33,2
en.wikipedia.org,"Brad_Pitt",5492,265
en.wikipedia.org,"Bullrun_(TV_series)",1538,0
en.wikipedia.org,"Benjamin_Wade",1602,2
en.wikipedia.org,"Antidotus_(poet)",144,4
en.wikipedia.org,"Blaufränkisch",2862,60
en.wikipedia.org,"Ely_Callaway_Jr.",1287,3
en.wikipedia.org,"Miguel_Alberto_Flangini_Ximénez",92,1
en.wikipedia.org,"Motivation_and_Personality_(book)",178,6
en.wikipedia.org,"Miguel_Segura",173,13
en.wikipedia.org,"Journal_of_Alzheimer's_Disease",122,1
en.wikipedia.org,"Thor's_Echo",195,0
en.wikipedia.org,"Sinusitis",3249,142
en.wikipedia.org,"Yangibozor,_Xorazm_Region",46,0
en.wikipedia.org,"2003_Western_Michigan_Broncos_football_team",115,6
en.wikipedia.org,"What_Are_You_Waiting_For?_(Nickelback_song)",176,28
en.wikipedia.org,"Aleš_Kohout",71,4
en.wikipedia.org,"Rose_Hill_Township,_Cottonwood_County,_Minnesota",379,5
en.wikipedia.org,"Bushfield",10,0
en.wikipedia.org,"Voice_peering",158,0
en.wikipedia.org,"Telotroch",66,1
en.wikipedia.org,"Michael_Warton_(died_1688)",365,4
en.wikipedia.org,"2018_Wimbledon_Championships_–_Women's_Doubles",154,0
en.wikipedia.org,"Charles_H._Heyl",168,1
en.wikipedia.org,"Torquay_Airport",48,0
en.wikipedia.org,"380th_Expeditionary_Operations_Group",1397,13
en.wikipedia.org,"Birdlife_of_Houston,_Galveston,_and_the_Upper_Texas_Coast",351,19
en.wikipedia.org,"Edward_J._King",1340,21
en.wikipedia.org,"Halfmann_Teleskoptechnik",113,0
en.wikipedia.org,"Cornell_University_Chorus",490,2
en.wikipedia.org,"1896–97_Hibernian_F.C._season",23,1
en.wikipedia.org,"List_of_long_railway_tunnels_in_China",47,12
en.wikipedia.org,"René_Lorin",140,9
en.wikipedia.org,"Serge-Christophe_Kolm",354,1
en.wikipedia.org,"Maria_Elizabeth_Muñoz",119,1
en.wikipedia.org,"Baths_of_Titus",309,6
en.wikipedia.org,"Kakehsiab",33,2
en.wikipedia.org,"The_Orchard_Residences",115,3
en.wikipedia.org,"Badme",353,8
en.wikipedia.org,"Cuban_civil_code",294,4
de.wikipedia.org,"Liste_der_Bischöfe_von_Bovino",8,0
de.wikipedia.org,"Gustave_Macé",67,0
en.wikipedia.org,"Retrachydes",58,5
de.wikipedia.org,"Thorsten_Riemke-Gurzki",258,0
de.wikipedia.org,"Jiří_Dadák",66,0
de.wikipedia.org,"Adolf_von_Gerhardt",47,1
de.wikipedia.org,"Theodor_Roller",214,1
de.wikipedia.org,"Transformers_3",7365,85
de.wikipedia.org,"Arroyo_de_la_Isleta",75,1
de.wikipedia.org,"Dschargaltchaan",11,0
de.wikipedia.org,"Straßenlauf",321,2
de.wikipedia.org,"Germaine_de_Staël",1976,9
de.wikipedia.org,"Rick_Raphael",285,0
de.wikipedia.org,"Alfred_Ewert",126,0
de.wikipedia.org,"Kabinett_Briand_VI",165,0
de.wikipedia.org,"4-Pentensäure",671,49
de.wikipedia.org,"Martano",85,1
de.wikipedia.org,"Dwingeloo-Radioteleskop",177,2
de.wikipedia.org,"Hold_Me,_Thrill_Me,_Kiss_Me,_Kill_Me",111,3
de.wikipedia.org,"Appleseed:_Kampf_um_die_Freiheit",1458,3
de.wikipedia.org,"Tim_Bogert",322,0
de.wikipedia.org,"Stiftsbibliothek_Waldsassen",192,0
de.wikipedia.org,"Hermann_Sudermann",1064,13
de.wikipedia.org,"Vorlaufachse",261,0
de.wikipedia.org,"Apostel_Baha’u’llahs",68,0
de.wikipedia.org,"HC_Vítkovice_Steel",382,0
de.wikipedia.org,"Stefanie_von_Berg",318,7
de.wikipedia.org,"Immo_Buhl",1915,81
de.wikipedia.org,"Liste_der_Monuments_historiques_in_Rannée",26,0
de.wikipedia.org,"Stefan_IV._(Moldau)",662,7
de.wikipedia.org,"Kastell_Lorch",1221,14
de.wikipedia.org,"Kobra-Effekt",277,3
de.wikipedia.org,"Abdullah_the_Butcher",443,7
de.wikipedia.org,"Jimmy_Reagan",74,0
de.wikipedia.org,"WTA_San_Diego",102,0
de.wikipedia.org,"Leih_mir_deinen_Mann",400,1
de.wikipedia.org,"Egyptian_Financial_Group-Hermes",63,2
de.wikipedia.org,"Autorshof",251,0
de.wikipedia.org,"Tunapuna-Piarco",498,3
de.wikipedia.org,"Laischewo",269,2
de.wikipedia.org,"Woodstown_House",152,4
de.wikipedia.org,"Matthias_Stich_(Sportschütze)",85,0
de.wikipedia.org,"Tim_Roth_(Musiker)",187,5
de.wikipedia.org,"Guido_von_Jaffa",233,1
de.wikipedia.org,"Joshua_Abraham_Hassan",113,0
de.wikipedia.org,"Leichtathletik-Europameisterschaften_2018/Medaillenspiegel",36,0
de.wikipedia.org,"Friedrich_Schwiening",248,4
de.wikipedia.org,"Spanienkärpfling",369,10
de.wikipedia.org,"America’s_Cup_Hall_of_Fame",223,9
de.wikipedia.org,"(12276)_IJzer",148,3
de.wikipedia.org,"Oder-Klasse",165,9
de.wikipedia.org,"Digitale_Mechanismen-_und_Getriebebibliothek",69,0
de.wikipedia.org,"Stolpersteine_in_Rheinland-Pfalz",38,0
de.wikipedia.org,"Ostinghausen",49,0
de.wikipedia.org,"DFB-Pokal_1988/89_(Frauen)",131,0
de.wikipedia.org,"N9_(Kamerun)",38,1
de.wikipedia.org,"Schatt_al-Arab",666,7
de.wikipedia.org,"Weißen_(Niederer_Fläming)",337,5
de.wikipedia.org,"John_Wetton",2661,4
de.wikipedia.org,"Apostolisches_Vikariat_Rundu",41,0
de.wikipedia.org,"Liste_der_Nummer-eins-R&B-Alben_in_den_USA_(1990)",33,7
de.wikipedia.org,"Santa_Maria_Valverde_(Palermo)",124,0
de.wikipedia.org,"Shanksville",132,1
de.wikipedia.org,"Wolfgang_Scherzinger",648,13
de.wikipedia.org,"Nicolaus_Henricus_Evers",178,0
de.wikipedia.org,"Zeche_Friedliche_Nachbar",718,0
de.wikipedia.org,"Ezzonen",163,0
de.wikipedia.org,"Bernd_Eufinger",335,2
de.wikipedia.org,"Privatbrauerei_Sterk",71,0
de.wikipedia.org,"Elmar_Lordemann",333,11
de.wikipedia.org,"2MASS_J00464841+0715177",36,0
de.wikipedia.org,"Liste_der_Kulturdenkmale_in_Kiel-Russee",23,0
de.wikipedia.org,"Gerd_Schönfelder",122,0
de.wikipedia.org,"Anthony_Obame",139,1
de.wikipedia.org,"Bromoxynil",295,21
de.wikipedia.org,"Der_Karrierist",216,1
de.wikipedia.org,"Laucha_(Adelsgeschlecht)",172,0
de.wikipedia.org,"AFC_Futsal_Club_Championship_2017",110,0
de.wikipedia.org,"Denkte",221,4
de.wikipedia.org,"Dschahan_Schah",725,1
de.wikipedia.org,"Anglo-Welsh_Cup_2013/14",66,0
de.wikipedia.org,"Wilhelm_Argauer",225,46
de.wikipedia.org,"Madibeng",109,2
de.wikipedia.org,"Walter_Frevert",2680,21
de.wikipedia.org,"Feuerwehr_Gotha",695,3
de.wikipedia.org,"Hilli_Reschl",205,6
de.wikipedia.org,"Federico_Pintos",351,17
de.wikipedia.org,"Nicole_Green",180,0
de.wikipedia.org,"Josef_Maily",90,0
en.wikipedia.org,"Whitmell,_Virginia",68,1
de.wikipedia.org,"Der_Hagestolz",273,0
de.wikipedia.org,"Tabaré_Aguerre",203,5
de.wikipedia.org,"Waltenbergerhaus",277,5
de.wikipedia.org,"Bainbridge_Reservoir_(New_York)",68,1
en.wikipedia.org,"Roy_Lane",328,3
de.wikipedia.org,"Roswell_(New_Mexico)",285,3
en.wikipedia.org,"Uroš_Nikolić_(basketball)",193,4
de.wikipedia.org,"Pincho_moruno",295,0
en.wikipedia.org,"Herbert_Wakefield_Banks_Skinner",365,3
de.wikipedia.org,"Rivière_Harricana",212,7
de.wikipedia.org,"Fliegerhorst_Brieg",154,1
en.wikipedia.org,"Kenneth_S._Deffeyes",331,12
en.wikipedia.org,"Route_Views",108,0
de.wikipedia.org,"José_Silva_(Parapsychologe)",387,0
de.wikipedia.org,"Javad_Akbari",274,0
en.wikipedia.org,"Tim_Laudner",477,8
de.wikipedia.org,"Bahnmeisterei_Homburg",272,5
en.wikipedia.org,"Lønset_Church",190,3
en.wikipedia.org,"Goonj_Uthi_Shehnai",199,7
en.wikipedia.org,"The_Nations!",135,2
de.wikipedia.org,"Hideaki_Motoyama",93,2
en.wikipedia.org,"Trouy",82,1
en.wikipedia.org,"Robert_Lyles",74,2
en.wikipedia.org,"Lewisia_stebbinsii",120,0
en.wikipedia.org,"Phú_Thọ_Province",2570,69
en.wikipedia.org,"Moose_Jaw_County",99,0
en.wikipedia.org,"Penicillium_smithii",25,8
en.wikipedia.org,"Flying_Warriors",1501,0
en.wikipedia.org,"Merc_Clothing",163,2
en.wikipedia.org,"Chang'an,_Dongguan",89,1
en.wikipedia.org,"Lowe's_mona_monkey",37,4
en.wikipedia.org,"James_McQueen_(businessman)",349,21
en.wikipedia.org,"2012_Mnet_Asian_Music_Awards",242,19
en.wikipedia.org,"Rocky_Patel_Premium_Cigars",320,7
en.wikipedia.org,"Sicinia_(gens)",353,53
en.wikipedia.org,"Knowthyneighbor.org",349,8
en.wikipedia.org,"Fanna-Fi-Allah",107,37
en.wikipedia.org,"River_Warren_Falls",697,12
en.wikipedia.org,"Pedro_León_Zapata",473,1
en.wikipedia.org,"KXFC",28,1
en.wikipedia.org,"Piper_PA-44_Seminole",252,14
en.wikipedia.org,"Sexuality_in_India",1615,11
en.wikipedia.org,"Wayne_Bentson",199,2
en.wikipedia.org,"Inhalation",374,3
en.wikipedia.org,"Melina_Mercouri",2084,19
en.wikipedia.org,"Çorak,_Besni",21,1
en.wikipedia.org,"How_I_Won_the_War",1369,5
en.wikipedia.org,"Ugly_Betty_(season_3)",3391,27
en.wikipedia.org,"Totally_Unicorn",924,16
en.wikipedia.org,"David_et_Jonathas",452,2
en.wikipedia.org,"Maruddana",96,0
en.wikipedia.org,"Heath_Hill,_Victoria",56,2
en.wikipedia.org,"Stade_Agoè-Nyivé",41,0
en.wikipedia.org,"Pim_Jacobs",243,25
en.wikipedia.org,"Michael_Carter_(politician)",121,5
en.wikipedia.org,"Hexocyclium",18,0
en.wikipedia.org,"Bayt_Khulaqah",24,0
en.wikipedia.org,"Cymatoceras_elegans",28,1
en.wikipedia.org,"Elijah_Aboab_Cardoso",175,0
en.wikipedia.org,"Arima_Haruzumi",241,0
en.wikipedia.org,"Economy_of_Sierra_Leone",1566,33
en.wikipedia.org,"Roy_Killin",240,6
en.wikipedia.org,"Caroline_S._Wagner",595,7
en.wikipedia.org,"List_of_number-one_songs_of_2017_(Colombia)",38,7
en.wikipedia.org,"Emmanuel_Kwasi_Bedzrah",37,1
en.wikipedia.org,"Sıqalonu",22,0
en.wikipedia.org,"Nobiletin",58,4
en.wikipedia.org,"List_of_UCAS_institutions",72,7
en.wikipedia.org,"Łazy_Brzyńskie",58,1
en.wikipedia.org,"Peggy_McIntosh",1650,23
en.wikipedia.org,"Real_Tonga",307,10
en.wikipedia.org,"SCYE1",203,13
en.wikipedia.org,"Antaeotricha_paracrypta",181,2
en.wikipedia.org,"FeliCa",755,14
en.wikipedia.org,"Legislative_Assembly_of_Samoa",349,7
en.wikipedia.org,"Skagit_Range",352,5
en.wikipedia.org,"Magnolia_(oil_platform)",164,3
en.wikipedia.org,"Innocent_Pictures",105,4
en.wikipedia.org,"Health_Metrics_Network",393,5
en.wikipedia.org,"Itv_Network_(India)",77,2
en.wikipedia.org,"Caring_for_the_Lagoon",91,0
en.wikipedia.org,"Prodesmodon",19,1
en.wikipedia.org,"Nancy_Cordes",240,7
en.wikipedia.org,"Volta_Ciclística_Internacional_do_Rio_Grande_do_Sul",52,1
en.wikipedia.org,"River_Claire_(Grenada)",20,0
en.wikipedia.org,"Sexpo_2005",136,1
en.wikipedia.org,"Goldasht,_Markazi",31,2
en.wikipedia.org,"Michael_Brecker_(album)",91,3
en.wikipedia.org,"Charales",479,17
en.wikipedia.org,"Bruno_III_of_Isenburg-Braunsberg",19,0
en.wikipedia.org,"1966_United_States_House_of_Representatives_elections_in_Virginia",54,1
en.wikipedia.org,"Codevilla",56,3
en.wikipedia.org,"Heeley_City_Farm",453,0
en.wikipedia.org,"Black_dot_(disease)",350,12
en.wikipedia.org,"Hans_Heinz_Holz",138,2
en.wikipedia.org,"Scott_Ambler",379,10
en.wikipedia.org,"Shawn_Evans_(ice_hockey)",61,1
en.wikipedia.org,"Estadio_Las_Gaunas",164,4
en.wikipedia.org,"David_I._Bernstein",121,2
en.wikipedia.org,"2014_Australian_Individual_Speedway_Championship",179,1
en.wikipedia.org,"Time_domain_astronomy",234,6
en.wikipedia.org,"Angela_Paton",177,23
en.wikipedia.org,"Lufeng_railway_station_(Guangdong)",39,0
en.wikipedia.org,"Digama_hearseyana",103,3
en.wikipedia.org,"Mark_Greaves",483,61
en.wikipedia.org,"David_Bercot",546,20
en.wikipedia.org,"Segato",11,0
en.wikipedia.org,"Sainte-Hélène,_Gironde",18,1
en.wikipedia.org,"DI_Corporation",195,10
en.wikipedia.org,"Hydnocarpus_nana",27,1
en.wikipedia.org,"Marcel_Marceau",2185,24
de.wikipedia.org,"Vincenz_Mayer",248,0
de.wikipedia.org,"Lapteva_Island",101,0
de.wikipedia.org,"Praia_de_Ofir",158,0
de.wikipedia.org,"Clark_Terry",401,2
de.wikipedia.org,"Carlijn_Schoutens",115,0
de.wikipedia.org,"Earl_of_Gloucester",423,0
de.wikipedia.org,"Bayonnaise_Rocks",355,8
de.wikipedia.org,"John_Robinson_(Fußballspieler,_1913)",241,9
de.wikipedia.org,"Big_River_(Mitta_Mitta_River)",64,3
de.wikipedia.org,"Johann_Muckel",370,2
de.wikipedia.org,"Isuzu_Cubic",63,0
de.wikipedia.org,"Ghost_in_the_Shell:_Stand_Alone_Complex",619,14
de.wikipedia.org,"Rudy_Vallée",602,2
de.wikipedia.org,"Holy_Trinity,_Micklegate",901,17
de.wikipedia.org,"Paris_im_Mittelalter",9682,0
de.wikipedia.org,"Lake_Alice",32,1
de.wikipedia.org,"Étienne_Heudelet_de_Bierre",402,0
de.wikipedia.org,"Noreen_(Maschine)",142,1
de.wikipedia.org,"Leichtathletik-Europameisterschaften_2016/10.000_m_der_Frauen",34,0
de.wikipedia.org,"Maximilian_Ossejewitsch_Steinberg",356,1
de.wikipedia.org,"Robert_McCracken",421,2
de.wikipedia.org,"Liste_der_Kulturdenkmale_in_Bannewitz",21,0
de.wikipedia.org,"Carlisle_Castle",334,0
de.wikipedia.org,"Colorado_State_Highway_15",67,0
de.wikipedia.org,"TuRa_Meldorf",625,6
de.wikipedia.org,"Hans-Wolfgang_Micklitz",140,2
de.wikipedia.org,"Johann_Holztrattner",270,2
de.wikipedia.org,"Walter_Achleitner",55,4
de.wikipedia.org,"Kelchzange",74,0
de.wikipedia.org,"Liste_der_Kulturdenkmale_in_Kosel",38,0
de.wikipedia.org,"Regina_Petrik",291,6
de.wikipedia.org,"Graeme_Smith_(Fußballspieler,_1982)",200,0
de.wikipedia.org,"Charlotte_Dietrich_(Sozialpädagogin)",500,4
de.wikipedia.org,"Return_Point",72,0
de.wikipedia.org,"Jürgen_Schutte",373,10
de.wikipedia.org,"Rod_Owen-Jones",55,0
de.wikipedia.org,"Herwig_Zamernik",586,19
de.wikipedia.org,"Liste_der_Bischöfe_von_Ivrea",8,0
de.wikipedia.org,"Williamsburg_Township_(Ohio)",140,1
de.wikipedia.org,"Tellbiene",58,2
de.wikipedia.org,"Liste_der_olympischen_Medaillengewinner_von_den_Bahamas",75,0
de.wikipedia.org,"Mutter_Johanna_von_den_Engeln",479,0
de.wikipedia.org,"Lischanagletscher",938,25
de.wikipedia.org,"Kanton_Puylaurens",122,0
de.wikipedia.org,"Gerhard_Vowe",573,1
de.wikipedia.org,"Suzuki_Regina/G70",280,7
de.wikipedia.org,"Atul_Auto",260,16
de.wikipedia.org,"Jonathan_Beaulieu-Bourgault",206,3
de.wikipedia.org,"Wolfgang_Fauth",128,0
de.wikipedia.org,"Edgar_Kaufmann_(Regisseur)",11,0
de.wikipedia.org,"Cecilie_Pedersen_(Fußballspielerin,_1990)",139,0
de.wikipedia.org,"Landschaftsschutzgebiet_Offenland_um_Grimlinghausen",161,0
de.wikipedia.org,"Abtei_Montecassino",1476,4
de.wikipedia.org,"Sperrstelle_Koblenz",366,3
de.wikipedia.org,"Das_grüne_Zimmer",388,1
de.wikipedia.org,"Schöne_Küsse_aus_Fernost",191,2
de.wikipedia.org,"Auburn_(New_York)",649,10
de.wikipedia.org,"Michael_Wickmann",325,5
de.wikipedia.org,"Luiz_Demétrio_Valentini",95,1
de.wikipedia.org,"Fair_Lawn_(New_Jersey)",332,2
de.wikipedia.org,"Fritz_Hermann_Schwob",352,0
de.wikipedia.org,"RCD_Mallorca",543,7
de.wikipedia.org,"Melike_Pekel",439,10
de.wikipedia.org,"Andrei_Wassiljewitsch_Charlow",354,6
de.wikipedia.org,"Sange_(Südkivu)",185,9
de.wikipedia.org,"Ein_Pferd_für_Danny",427,3
de.wikipedia.org,"Dunsop_Bridge",213,3
de.wikipedia.org,"Helios",185,1
de.wikipedia.org,"Erwin_Deutsch_(Jurist)",143,2
de.wikipedia.org,"DDR-Eishockeymeisterschaft_1963/64",505,1
de.wikipedia.org,"Harrow_School",501,1
de.wikipedia.org,"Carl-Henning_Wijkmark",303,5
de.wikipedia.org,"Scott_Stevens",596,1
de.wikipedia.org,"Rosa_Quarzit",317,0
de.wikipedia.org,"Handheld",68,0
de.wikipedia.org,"Chauvincourt-Provemont",112,0
de.wikipedia.org,"Promenade_(Linz)",629,10
de.wikipedia.org,"Wappinger-Krieg",608,4
de.wikipedia.org,"Goldene_Handfeste",331,2
de.wikipedia.org,"Kanton_Dun-sur-Meuse",84,0
de.wikipedia.org,"Weigelmühle",327,3
de.wikipedia.org,"Volleyball-DDR-Meisterschaft_(Männer)_1980/81",176,0
de.wikipedia.org,"Tatbestand_(Hörspielserie)",264,5
de.wikipedia.org,"Kuranganilmuttam",243,6
en.wikipedia.org,"Whitley_railway_station",48,2
de.wikipedia.org,"Badischbruch",83,0
de.wikipedia.org,"Grit_Jurack",288,13
de.wikipedia.org,"Georg_Theodor_Hoffmann",79,1
de.wikipedia.org,"Jadagrace",346,6
de.wikipedia.org,"Oberschur_(Krombach)",127,3
de.wikipedia.org,"Rokiciny_(Czarna_Dąbrówka)",549,1
en.wikipedia.org,"Skateboarding_Australia",947,9
de.wikipedia.org,"Burg_Schlupferstadt",140,2
de.wikipedia.org,"Denis_Largentier",301,7
de.wikipedia.org,"Paul_Bernhard_Limburger",379,3
en.wikipedia.org,"Down_Bank",67,6
de.wikipedia.org,"Clénet_Series_III_Asha",233,0
de.wikipedia.org,"Max_Curth",65,0
en.wikipedia.org,"Solar_eclipse_of_October_10,_1912",220,2
en.wikipedia.org,"Farse",410,4
de.wikipedia.org,"USS_Chesapeake_(1799)",595,1
de.wikipedia.org,"Arbat_(Stadtteil)",386,0
en.wikipedia.org,"Gunning–Purves_Building",70,3
en.wikipedia.org,"Paixao_de_Cristo",835,11
de.wikipedia.org,"Sapieha-Palast_(Lemberg)",127,0
en.wikipedia.org,"Mardil_Voronwë",303,1
en.wikipedia.org,"Dashanbao_Black-necked_Crane_National_Nature_Reserve",75,3
de.wikipedia.org,"Fragagnano",105,1
en.wikipedia.org,"Timeline_of_science_and_engineering_in_the_Islamic_world",47,10
en.wikipedia.org,"Coddington,_Derbyshire",46,1
en.wikipedia.org,"William_Heysham_(cricketer)",114,6
en.wikipedia.org,"Frikeh,_Idlib",49,1
en.wikipedia.org,"Albert_N._Gualano",198,1
en.wikipedia.org,"Medina_Township,_Peoria_County,_Illinois",119,5
de.wikipedia.org,"Raiffeisenbank_Aresing-Gerolsbach",155,3
en.wikipedia.org,"1988_Ebel_U.S._Pro_Indoor_–_Doubles",43,0
en.wikipedia.org,"Australian_Automobile_Association",140,6
en.wikipedia.org,"Jarkko_Huovila",55,2
en.wikipedia.org,"Trailer_Park_Boys:_Countdown_to_Liquor_Day",1503,27
en.wikipedia.org,"Battle_of_Mong_Cai",412,7
en.wikipedia.org,"East_Peak_(Elko_County,_Nevada)",75,4
en.wikipedia.org,"Spiro_Moisiu",843,1
en.wikipedia.org,"Bharapar_dhufi",177,0
en.wikipedia.org,"2009_Final_Four_Women's_Volleyball_Cup_squads",27,0
en.wikipedia.org,"Gun_laws_in_New_York",3446,81
en.wikipedia.org,"The_Calling_discography",21,30
en.wikipedia.org,"Gilpin_County_School_District_RE-1",29,3
en.wikipedia.org,"Luke_Stocker",683,9
en.wikipedia.org,"Sema_domain",392,4
en.wikipedia.org,"Will_Cain",183,5
en.wikipedia.org,"Upper_Colony_Fire",139,5
en.wikipedia.org,"Caboface",156,6
en.wikipedia.org,"Pyrausta_pavidalis",25,1
en.wikipedia.org,"Kim_Nowak",478,13
en.wikipedia.org,"Heremod",911,0
en.wikipedia.org,"National_Fire_Protection_Association",130,11
en.wikipedia.org,"Mammo_Wudneh",117,1
en.wikipedia.org,"Kayaburnu,_Serik",24,1
en.wikipedia.org,"1979_Custom_Credit_Australian_Indoor_Championships_–_Singles",25,0
en.wikipedia.org,"Youssouf_Falikou_Fofana",61,2
en.wikipedia.org,"Taquaruçu_River_(São_Paulo)",17,0
en.wikipedia.org,"Lais_Ribeiro",354,13
en.wikipedia.org,"UBot_Studio",162,7
en.wikipedia.org,"Sharp_Zaurus",1828,8
en.wikipedia.org,"Chaoyang_County",56,1
en.wikipedia.org,"Lochmaeocles_congener",26,1
en.wikipedia.org,"Dan_Biederman",1022,29
en.wikipedia.org,"CFU_Boy's_Under-15_Championship",41,2
en.wikipedia.org,"Tonna,_Germany",12,1
en.wikipedia.org,"Harry_Marmion",494,7
en.wikipedia.org,"Roberto_Fortes",102,2
en.wikipedia.org,"Pavol_Rankov",92,2
en.wikipedia.org,"JB's_Dudley",496,13
en.wikipedia.org,"Cloud-based_design_and_manufacturing",393,18
en.wikipedia.org,"Hendre_(Bangor_electoral_ward)",200,7
en.wikipedia.org,"Ford_Sierra_RS_Cosworth",2787,8
en.wikipedia.org,"Shahrak-e_Mamasani",49,2
en.wikipedia.org,"Province_of_New_Hampshire",1649,9
en.wikipedia.org,"Abdol_Ghadar",40,0
en.wikipedia.org,"Ophiopholis",33,2
en.wikipedia.org,"Diane_Denish",544,5
en.wikipedia.org,"Eswatini–Japan_relations",49,3
en.wikipedia.org,"Duran_Esmoris_Residencia",125,3
en.wikipedia.org,"Seri_Kembangan_station",72,1
en.wikipedia.org,"John_Murray_(1726–1800)",33,1
en.wikipedia.org,"Chairuddin_Siregar",18,1
en.wikipedia.org,"Saint-Waast",50,1
en.wikipedia.org,"Milwaukee_Athletic_Club",285,7
en.wikipedia.org,"Skageflå",377,4
en.wikipedia.org,"Kang_the_Conqueror",3127,58
en.wikipedia.org,"Fenimore_Art_Museum",440,19
en.wikipedia.org,"Izuru_Takeuchi",64,5
en.wikipedia.org,"Jim_McPhie",72,1
en.wikipedia.org,"John_Hare_(MP_died_1637)",37,1
en.wikipedia.org,"Metavelifer_multiradiatus",45,0
en.wikipedia.org,"House_at_68_Maple_Street",92,3
en.wikipedia.org,"Easton,_West_Virginia",26,2
en.wikipedia.org,"Shibe,_Kyrgyzstan",18,0
en.wikipedia.org,"Hoàng_Minh_Chính",401,7
en.wikipedia.org,"Anna_Brelsford_McCoy",228,10
en.wikipedia.org,"Frankendorf_(Buttenheim)",191,3
en.wikipedia.org,"Olaganduwa",23,0
en.wikipedia.org,"Victor_Henderson",33,1
en.wikipedia.org,"Nikitin_Glacier",96,0
en.wikipedia.org,"Music_for_Torching",371,8
en.wikipedia.org,"2010_Chicago_Cardinals_season",354,3
en.wikipedia.org,"Trechus_mourzinellus",21,2
en.wikipedia.org,"Young_Narrator_in_the_Breakers",165,14
en.wikipedia.org,"Brugmansia_suaveolens",905,27
en.wikipedia.org,"Bratteli_diagram",641,3
en.wikipedia.org,"Yannick_N'Djeng",93,4
en.wikipedia.org,"Macroglossum_kishidai",17,1
en.wikipedia.org,"German_submarine_U-1059",413,8
en.wikipedia.org,"1997–98_Primera_B_Nacional",358,0
en.wikipedia.org,"Labops_hesperius",24,5
en.wikipedia.org,"Byers-Lyons_House",77,6
en.wikipedia.org,"2009–10_Houston_Cougars_men's_basketball_team",130,0
de.wikipedia.org,"Zofia_Kielan-Jaworowska",464,3
en.wikipedia.org,"Hillsborough,_New_Brunswick",281,2
de.wikipedia.org,"Monica_Huggett",222,1
de.wikipedia.org,"Friedrich_Wilhelm_Schiek",342,4
de.wikipedia.org,"Sudetendeutsches_Freikorps",5162,101
en.wikipedia.org,"1987_Italian_general_election_in_Sardinia",50,0
en.wikipedia.org,"Plobsheim",22,2
de.wikipedia.org,"David_Schweikert",232,0
de.wikipedia.org,"Mylo",196,4
de.wikipedia.org,"Luisenplatz_(Darmstadt)",583,1
de.wikipedia.org,"Cédric_Djeugoué",240,5
de.wikipedia.org,"Schlot_(Höhlenkunde)",89,0
de.wikipedia.org,"Karl_August_Görner",493,0
de.wikipedia.org,"Gene_Gutowski",402,1
de.wikipedia.org,"Verpflegungsordonnanz",220,1
de.wikipedia.org,"Eric_Schildkraut",225,4
de.wikipedia.org,"Vickers_MBT",400,0
de.wikipedia.org,"Gottfried_Küssel",3183,102
de.wikipedia.org,"René_Obst",162,0
de.wikipedia.org,"Deutsche_Fechtmeisterschaften_1941",40,1
de.wikipedia.org,"3._Panzerarmee_(Wehrmacht)",745,4
de.wikipedia.org,"Recombineering",164,0
de.wikipedia.org,"Adam_von_Fulda",292,4
de.wikipedia.org,"Chojna",952,22
de.wikipedia.org,"Liste_der_Kölner_Domdechanten",0,4
de.wikipedia.org,"Minke_Booij",125,0
de.wikipedia.org,"Xeniidae",219,2
de.wikipedia.org,"Lavars",155,0
de.wikipedia.org,"XIII_(Computerspiel)",831,28
de.wikipedia.org,"Diomedon",520,9
de.wikipedia.org,"Jiska",193,1
de.wikipedia.org,"Viscount_Longueville",187,3
de.wikipedia.org,"Millau-Bridge-Typ",255,10
de.wikipedia.org,"Christian_Luce",83,1
de.wikipedia.org,"Pushpa_Lalitha",51,1
de.wikipedia.org,"Pygmaeocereus_bylesianus",194,2
de.wikipedia.org,"Fujiwara_no_Michikane",225,1
de.wikipedia.org,"Industriemuseum_Chemnitz",667,1
de.wikipedia.org,"Christian_Müller_(Fußballspieler,_1938)",1267,1
de.wikipedia.org,"Baker_Torpedo",231,10
de.wikipedia.org,"Steinkiste_von_Fakeeragh",100,0
de.wikipedia.org,"Edness_K._Wilkins_State_Park",148,3
de.wikipedia.org,"Unsere_Liebe_Frau_(Meiningen)",665,0
de.wikipedia.org,"Berndshausen",413,5
de.wikipedia.org,"Sittich_von_Zedtwitz",380,2
de.wikipedia.org,"Ray_Flaherty",865,15
de.wikipedia.org,"Claudia_Fräss-Ehrfeld",144,0
de.wikipedia.org,"Gleisharfe",233,4
de.wikipedia.org,"Deutsche_Nordische_Skimeisterschaften_1960",458,0
de.wikipedia.org,"Pier_Francesco_da_Viterbo",114,0
de.wikipedia.org,"Cal_Hubbard",822,5
de.wikipedia.org,"Reinhold_Kreile",870,22
de.wikipedia.org,"Spinalnerv",535,0
de.wikipedia.org,"Liste_der_Monuments_historiques_in_Saint-Sulpice-des-Landes_(Ille-et-Vilaine)",25,0
de.wikipedia.org,"Unicodeblock_Äthiopisch,_erweitert",99,0
de.wikipedia.org,"Paul_Thalheimer",272,9
de.wikipedia.org,"Krankenhausinformationssystem",1130,4
de.wikipedia.org,"Eishockey-Oberliga_1989/90",431,2
de.wikipedia.org,"Aristokles_(Sohn_des_Nikomachos)",96,1
de.wikipedia.org,"Jonatan_(Hasmonäer)",904,0
de.wikipedia.org,"Khanat_Chiwa",747,2
de.wikipedia.org,"Liste_von_Persönlichkeiten_der_Stadt_Zwönitz",66,1
de.wikipedia.org,"Franz_Strube",283,0
de.wikipedia.org,"Sheezus",356,17
de.wikipedia.org,"Terma_Bukowina_Tatrzańska",230,0
de.wikipedia.org,"MaK_G_1100_BB",254,0
de.wikipedia.org,"Robert_C._Duncan_(Astrophysiker)",105,5
de.wikipedia.org,"MimoDB",60,1
de.wikipedia.org,"Butson_Ridge",99,0
de.wikipedia.org,"Pestkreuz",197,0
de.wikipedia.org,"Pettendorf_(Neunburg_vorm_Wald)",439,6
de.wikipedia.org,"Sentinel-1",577,18
de.wikipedia.org,"Grete_Waitz",682,11
de.wikipedia.org,"Carole_Knight",242,6
de.wikipedia.org,"Squash_Federation_of_Africa",82,0
de.wikipedia.org,"Lene_Clausen",66,0
de.wikipedia.org,"Veikko_Vennamo",452,0
de.wikipedia.org,"Straight-Queer_Masculinities",148,0
de.wikipedia.org,"Zumpano",126,1
de.wikipedia.org,"Hugo_Körtzinger",1242,9
de.wikipedia.org,"Westdeutscher_Verlag",49,0
de.wikipedia.org,"U-18-Handball-Weltmeisterschaft_der_Frauen",71,0
en.wikipedia.org,"Marcus_Dixon",516,22
de.wikipedia.org,"Earl_Motor_Car_Company",180,2
de.wikipedia.org,"Dark_Polo_Gang",258,6
de.wikipedia.org,"Arroyo_del_Sauce_(Arroyo_Malo,_rechtsseitig)",56,0
de.wikipedia.org,"Blumenkübel_(Internet-Phänomen)",350,26
en.wikipedia.org,"Studio_Disney",518,4
de.wikipedia.org,"Le_Mars_(Iowa)",644,11
de.wikipedia.org,"Fritz_Ley",301,0
de.wikipedia.org,"Archaeopteris",405,2
en.wikipedia.org,"List_of_bridges_documented_by_the_Historic_American_Engineering_Record_in_Pennsylvania",20,5
de.wikipedia.org,"Rudolf_Marwan-Schlosser",196,0
de.wikipedia.org,"Castruccio_Castracane_degli_Antelminelli",357,1
de.wikipedia.org,"Niederländische_Fußballnationalmannschaft_(U-21-Männer)",798,1
de.wikipedia.org,"Gamma_Doradus",63,13
de.wikipedia.org,"Kitahiroshima",64,0
de.wikipedia.org,"Mobiler_Seefunkdienst_(Ultrakurzwelle)",784,5
en.wikipedia.org,"Upper_Township_School_District",254,21
de.wikipedia.org,"Fürstentum_Kobrin",287,4
en.wikipedia.org,"FIBT_World_Championships_1974",43,0
de.wikipedia.org,"Peppermint_Grove_Shire",106,1
de.wikipedia.org,"Biathlon-Mixed-Staffel-Weltmeisterschaft_2005",215,0
de.wikipedia.org,"St._John_(Washington)",509,11
en.wikipedia.org,"Vitus_Ashaba",25,1
en.wikipedia.org,"Hymenocallis_tridentata",90,8
en.wikipedia.org,"Wacky_Races:_Crash_and_Dash",176,18
de.wikipedia.org,"Léraba_(Fluss)",73,0
de.wikipedia.org,"George_Hazelwood_Locket",142,0
en.wikipedia.org,"Krimo_Rebih",184,0
de.wikipedia.org,"US_Open_1988/Herreneinzel",24,0
en.wikipedia.org,"Annabel_Whitehead",127,3
en.wikipedia.org,"Arthur_Moses",76,1
en.wikipedia.org,"List_of_Playboy_Playmates_of_2019",249,5
en.wikipedia.org,"A_Moment's_Worth",2413,7
en.wikipedia.org,"Angelica_japonica",116,5
de.wikipedia.org,"Puccinia_guaranitica",245,0
en.wikipedia.org,"Rahuste_Nature_Reserve",70,1
en.wikipedia.org,"The_System_Only_Dreams_in_Total_Darkness",259,9
en.wikipedia.org,"Lagos_Chamber_of_Commerce_and_Industry",320,4
en.wikipedia.org,"Yulu_Karata_Natural_Reserve",27,0
en.wikipedia.org,"Kahi_Unkahi",2444,3
en.wikipedia.org,"George_Warren_Alexander",1195,26
en.wikipedia.org,"Hundred_of_Kadina",215,11
en.wikipedia.org,"St._Louis_Gateway_Film_Critics_Association_Awards_2018",55,0
en.wikipedia.org,"Algiers_3_University",83,2
en.wikipedia.org,"TJ_Družstevník_Ďanová",15,1
en.wikipedia.org,"USS_Phoenix_(1861)",128,0
en.wikipedia.org,"Étienne_Mantoux",720,10
en.wikipedia.org,"Software_security_assurance",1181,2
en.wikipedia.org,"Atypichthys",27,2
en.wikipedia.org,"Members_of_the_Victorian_Legislative_Council,_1976–1979",84,6
en.wikipedia.org,"Purplish_Rain",90,2
en.wikipedia.org,"Silverton_Tramway_48s_class",334,16
en.wikipedia.org,"Maxime_Carlot_Korman",691,12
en.wikipedia.org,"Isla_Bota",48,1
en.wikipedia.org,"Strathfield_Girls_High_School",274,0
en.wikipedia.org,"Lucroy",12,0
en.wikipedia.org,"The_Hairdresser",16,1
en.wikipedia.org,"Soter",28,0
en.wikipedia.org,"2009_flu_pandemic_in_Ukraine",1794,81
en.wikipedia.org,"Craigville_Depot",94,4
en.wikipedia.org,"F._S._Crawford",1232,17
en.wikipedia.org,"Arnøyhamn",45,1
en.wikipedia.org,"James_Allen_Byrne",120,0
en.wikipedia.org,"Choll",175,2
en.wikipedia.org,"S._Venkatarama_Iyer",41,1
en.wikipedia.org,"Erythrochrus",20,1
en.wikipedia.org,"Satan's_Circus",96,12
en.wikipedia.org,"Per_Kristoffersen",28,1
en.wikipedia.org,"Stephen_Hislop",786,32
en.wikipedia.org,"Nikita_Sandyrev",110,2
en.wikipedia.org,"Moniga_language",23,4
en.wikipedia.org,"Alexandre_Reza",534,20
en.wikipedia.org,"Amsterdam_Centraal_station",2059,24
en.wikipedia.org,"World",1693,16
en.wikipedia.org,"1991–92_NSJHL_season",71,0
en.wikipedia.org,"Marysole_Wörner_Baz",285,0
en.wikipedia.org,"Kodemmachō_Station",169,0
en.wikipedia.org,"Blowback_(intelligence)",587,11
en.wikipedia.org,"Özlem_Cekic",705,17
en.wikipedia.org,"Lottia_orbignyi",39,1
en.wikipedia.org,"WRNE",94,8
en.wikipedia.org,"Dan_Lauzon",753,14
en.wikipedia.org,"Gurumin:_A_Monstrous_Adventure",551,22
en.wikipedia.org,"Victor_Scvortov",62,4
en.wikipedia.org,"Šakvice",70,0
en.wikipedia.org,"Wreck_Lead_station",101,5
en.wikipedia.org,"Newbury,_Berkshire",2954,29
en.wikipedia.org,"Roman_Pelts",164,5
en.wikipedia.org,"Gare_de_Castel",110,0
en.wikipedia.org,"Zélée_Rocks",101,1
en.wikipedia.org,"Outram_Formation",182,17
en.wikipedia.org,"Whiskered_screech_owl",240,3
en.wikipedia.org,"Battle_of_Sankt_Michael",1314,42
en.wikipedia.org,"Eglinton_Theatre",110,6
en.wikipedia.org,"The_American_Soldier",56,1
en.wikipedia.org,"Huh_Soon-young",99,0
en.wikipedia.org,"Nazri_Sabri",169,5
en.wikipedia.org,"Richard_Ryan_(Royal_Navy_officer)",310,5
en.wikipedia.org,"Rosas_(surname)",92,1
en.wikipedia.org,"KGBX-FM",114,2
en.wikipedia.org,"Velyka_Novosilka",38,1
en.wikipedia.org,"Totally_Táta",121,3
en.wikipedia.org,"Andrey_Remnev",519,7
en.wikipedia.org,"Osman_Nuhu_Sharubutu",159,4
en.wikipedia.org,"Rock_Castle,_Virginia",35,0
en.wikipedia.org,"Medullary_command_nucleus",122,0
en.wikipedia.org,"John_Jackett_(politician)",186,3
en.wikipedia.org,"Yoshinobu_Nishizaki",698,19
en.wikipedia.org,"Arctophila_(fly)",25,2
en.wikipedia.org,"Orange-fronted_fruit_dove",39,1
en.wikipedia.org,"Getsu_Fūma_Den",598,3
en.wikipedia.org,"Shibing_County",43,0
en.wikipedia.org,"Taiwanese_Presbyterian_Church_in_Asuncion",53,1
en.wikipedia.org,"Vina_oil_shale_deposit",49,1
en.wikipedia.org,"Swan_Puka",157,2
de.wikipedia.org,"Regulationsmedizin",82,2
en.wikipedia.org,"Seven_Church_monastery_complex",47,2
de.wikipedia.org,"Lloyd_Axworthy",823,0
de.wikipedia.org,"Führungsunterstützungsbasis",367,17
en.wikipedia.org,"Paul_Williams_(quarterback)",37,1
en.wikipedia.org,"Bury_Me_an_Angel",83,2
en.wikipedia.org,"The_Pineapples_from_the_Dawn_of_Time",335,3
en.wikipedia.org,"Marián_Svoboda",21,1
de.wikipedia.org,"Liu_Ying_(Prinz)",381,0
de.wikipedia.org,"Al-Qādir",327,2
de.wikipedia.org,"Bo-Taoshi",154,3
de.wikipedia.org,"Szilárd_Mezei",52,0
de.wikipedia.org,"Klaus_Brasch",133,2
en.wikipedia.org,"Furman_University",3249,64
de.wikipedia.org,"Herzogtum_Sachsen-Hildburghausen",477,1
de.wikipedia.org,"Cody_Kasch",117,0
de.wikipedia.org,"Simbabwische_Cricket-Nationalmannschaft_in_Indien_in_der_Saison_2000/01",197,8
de.wikipedia.org,"André_Hughes",311,1
de.wikipedia.org,"Bahnstrecke_South_Lagrange–Packards",327,2
de.wikipedia.org,"Ehrendivision_1951/52",52,1
de.wikipedia.org,"Louis_Vuitton_Cup_1995",46,0
de.wikipedia.org,"Denny_Zager",75,0
de.wikipedia.org,"Westerloog_(Middels)",103,6
de.wikipedia.org,"Panhard_Dyna_Z",444,0
de.wikipedia.org,"Pananehe_Island",53,0
de.wikipedia.org,"Alfons_X._(Kastilien)",846,1
de.wikipedia.org,"Cam_Nancarrow",105,0
de.wikipedia.org,"STS-41-C",189,0
de.wikipedia.org,"Siegfried_Straub",138,0
de.wikipedia.org,"Baron_Brassey_of_Apethorpe",106,3
de.wikipedia.org,"Was_nun,_…?",140,0
de.wikipedia.org,"Degel_haTora",175,0
de.wikipedia.org,"Nordische_Bischofskonferenz",909,2
de.wikipedia.org,"Kreuzkapelle_(Kitzingen)",756,2
de.wikipedia.org,"Siegfried_Ochs",217,2
de.wikipedia.org,"Software-Messung",989,19
de.wikipedia.org,"French_Open_2017/Dameneinzel-Rollstuhl",11,0
de.wikipedia.org,"Teschenmoschel",260,5
de.wikipedia.org,"Morbach_(Niederkirchen)",260,7
de.wikipedia.org,"Grimaldo",8,1
de.wikipedia.org,"Europäische_Vereinigung_für_Tierproduktion",168,0
de.wikipedia.org,"Patrick_Sandars",457,3
de.wikipedia.org,"Tatort:_Wehrlos",1363,8
de.wikipedia.org,"Heinz_Flohe",1001,17
de.wikipedia.org,"Gesellschaft_zur_Zeit_der_Han-Dynastie",70,0
de.wikipedia.org,"Artie_Shapiro",174,0
de.wikipedia.org,"Minninglow",173,0
de.wikipedia.org,"Lorenz_Heister",742,12
de.wikipedia.org,"Vladimir_Beara",987,4
de.wikipedia.org,"Mike_Green_(Eishockeyspieler,_1979)",214,0
de.wikipedia.org,"Marguerite_Donlon",517,1
de.wikipedia.org,"Wilhelm_Zimolong",372,5
de.wikipedia.org,"IAAF_World_Athletics_Tour",92,0
de.wikipedia.org,"Otfried_Krzyzanowski",323,0
de.wikipedia.org,"Tangshuang_pu",65,0
de.wikipedia.org,"Carl_Ludwig_Nottebohm",846,9
de.wikipedia.org,"Dieter_Mueller-Dombois",198,2
de.wikipedia.org,"Rogów_(Grodków)",305,4
de.wikipedia.org,"Jean-Marie_Ellenberger",347,9
de.wikipedia.org,"Eisbach_(Rhein)",2991,96
de.wikipedia.org,"Südtiroler_Volksbank",274,11
de.wikipedia.org,"Felix_Schmidt_(Politiker)",350,0
de.wikipedia.org,"Liste_der_Baudenkmale_in_Stuer",51,0
de.wikipedia.org,"Petra_Lammert",307,2
de.wikipedia.org,"Alexander_Sergejewitsch_Menschikow",586,0
de.wikipedia.org,"Camilla_Sparv",193,0
de.wikipedia.org,"Deutsche_Nanga-Parbat-Expedition_1937",513,3
de.wikipedia.org,"Jean-Claude_Trial",221,0
de.wikipedia.org,"Altstädtisches_Rathaus_(Brandenburg_an_der_Havel)",724,5
de.wikipedia.org,"Riom-ès-Montagnes",79,2
de.wikipedia.org,"Niedersächsisches_Bodeninformationssystem",143,0
de.wikipedia.org,"Pepper_Keenan",260,0
de.wikipedia.org,"Prins-Oscars-Land",144,1
de.wikipedia.org,"Zilog_Z180",198,0
de.wikipedia.org,"Cao_Ren",599,0
de.wikipedia.org,"Liste_der_Kulturdenkmale_in_Schleußig",42,0
de.wikipedia.org,"Blässhuhn",2659,46
de.wikipedia.org,"Arthur_Fagen",446,0
de.wikipedia.org,"Federico_Zandomeneghi",48,0
de.wikipedia.org,"Samuel_Mbugua",171,0
de.wikipedia.org,"Dschafars_Rückkehr",1270,1
de.wikipedia.org,"Enes_Kılıcaslan",118,0
de.wikipedia.org,"Beppo_Pohlmann",98,0
de.wikipedia.org,"Antoine_J._A._van_der_Wyk",168,3
en.wikipedia.org,"Deal_or_No_Deal_Canada",434,2
de.wikipedia.org,"Somersault_(Sängerin)",149,1
de.wikipedia.org,"Ernst_Cammann_(Landdrost)",124,5
de.wikipedia.org,"Friedrich_Salomon_Vögelin",213,0
de.wikipedia.org,"Salomo_Schweizer",185,7
en.wikipedia.org,"Yakiv_Barabash",77,0
de.wikipedia.org,"Arthur_Middleton_(Gouverneur)",368,0
de.wikipedia.org,"Kraftfahrt-Bundesamt",788,27
en.wikipedia.org,"Pretoria,_Georgia",214,5
en.wikipedia.org,"Whistling_Shade",178,2
de.wikipedia.org,"Moritz_Koeppe",511,3
de.wikipedia.org,"Franzl",18,0
de.wikipedia.org,"East_Hodgkinson_River",63,5
de.wikipedia.org,"Kexi",249,2
en.wikipedia.org,"Finn_Christian_Knudsen",49,1
de.wikipedia.org,"Biafo-Gletscher",405,2
en.wikipedia.org,"Roger_Keeran",541,21
de.wikipedia.org,"Friedrich_Hünermann",136,0
de.wikipedia.org,"Pfingstkirche_(Berlin)",1115,23
en.wikipedia.org,"Maria_Antònia_Oliver_Cabrer",191,5
de.wikipedia.org,"Helmut_Röhrig",178,0
de.wikipedia.org,"Segunda_División_1983/84",129,3
de.wikipedia.org,"Bahnhof_Bruck_an_der_Leitha",221,2
en.wikipedia.org,"Propafenone",530,1
de.wikipedia.org,"Nechen_(Löbau)",370,2
en.wikipedia.org,"Coleophora_scioleuca",22,1
en.wikipedia.org,"Actuarius",146,4
de.wikipedia.org,"Karate_bei_den_Olympischen_Spielen",129,0
en.wikipedia.org,"Andrea_Seculin",765,23
en.wikipedia.org,"L._J._Smith",503,7
en.wikipedia.org,"Lemuel_Paynter",168,0
en.wikipedia.org,"Costas_Papaellinas_Arena",38,0
de.wikipedia.org,"Pik_Chernenko",56,0
de.wikipedia.org,"Franz_Anselm_Schmitt",236,4
en.wikipedia.org,"1967–68_Houston_Mavericks_season",205,2
en.wikipedia.org,"Pen_(enclosure)",493,1
de.wikipedia.org,"45._Garde-Spezialaufklärungsbrigade",49,0
de.wikipedia.org,"Kalifornische_Aralie",322,15
en.wikipedia.org,"Mary_B._Moser",775,0
en.wikipedia.org,"Banarsi_Thug",32,0
en.wikipedia.org,"SMS_Leipzig_(1905)",1611,32
en.wikipedia.org,"Ruddiman",8,0
en.wikipedia.org,"Equestrian_statuette_of_Charlemagne",441,2
en.wikipedia.org,"The_Ghost_of_St._Michael's",307,0
en.wikipedia.org,"KK_Vogošća",24,1
en.wikipedia.org,"Nebraska–Kearney_Lopers_football",123,5
en.wikipedia.org,"1972_Liberal_Party_of_Australia_leadership_election",86,1
en.wikipedia.org,"Tohru_Kino",77,2
en.wikipedia.org,"Joseph_S._Manning",73,1
en.wikipedia.org,"DESG",46,4
en.wikipedia.org,"Migratory_Bird_Conservation_Act",97,0
en.wikipedia.org,"Bodebarsain_Municipality",499,7
en.wikipedia.org,"Lord_Lieutenant_of_Wexford",42,9
en.wikipedia.org,"Aglaus",74,4
en.wikipedia.org,"Jean-Claude_Cloët",33,1
en.wikipedia.org,"1960–61_Eredivisie",23,2
en.wikipedia.org,"Piperlonguminine",9,2
en.wikipedia.org,"Koyama_Shōtarō",310,0
en.wikipedia.org,"Big_Pebble",348,0
en.wikipedia.org,"Jesse_Krieger",356,5
en.wikipedia.org,"Lewisburg_Historic_District_(Lewisburg,_Pennsylvania)",165,3
en.wikipedia.org,"Flying_roller_coaster",812,33
en.wikipedia.org,"Terry_Allen_(boxer)",676,26
en.wikipedia.org,"United_Nations_Security_Council_Resolution_1952",436,8
en.wikipedia.org,"Romain_Wacziarg",579,11
en.wikipedia.org,"Rocketfuel_(album)",13,0
en.wikipedia.org,"Jean_Marie_Despiau",142,11
en.wikipedia.org,"Muna_Khalif",300,12
en.wikipedia.org,"Dynaflow",1692,8
en.wikipedia.org,"Alan_Green_(Cleethorpes_politician)",255,3
en.wikipedia.org,"Neuss–Viersen_railway",675,3
en.wikipedia.org,"Tensho_(kata)",143,3
en.wikipedia.org,"Verdix",302,13
en.wikipedia.org,"LWT_(journal)",68,1
en.wikipedia.org,"Rose_Valley,_Washington",72,2
en.wikipedia.org,"Victorinus_Junior",140,2
en.wikipedia.org,"8-Azaguanine",82,12
en.wikipedia.org,"Nicolosi",58,3
en.wikipedia.org,"Charles_Coote_(priest,_died_1796)",55,4
en.wikipedia.org,"Avalon_at_Foxhall",125,5
en.wikipedia.org,"Chattahoochee_County_School_District",43,4
en.wikipedia.org,"HMS_Umpire_(N82)",357,9
en.wikipedia.org,"Mohammad_Afzal_(Karachi_cricketer)",25,2
en.wikipedia.org,"Lacey_Street_Theatre",125,4
en.wikipedia.org,"Notes_inégales",5380,10
en.wikipedia.org,"Melina_Soochan",688,4
en.wikipedia.org,"Teinoptila_ingens",16,0
en.wikipedia.org,"Maria,_Quebec",138,13
en.wikipedia.org,"Paper_Rosie",180,3
en.wikipedia.org,"Bujang_Lapok_(film_series)",28,0
en.wikipedia.org,"Mika_Aaltonen",148,1
en.wikipedia.org,"Geometric_mechanics",523,0
en.wikipedia.org,"Biathlon_at_the_2006_Winter_Olympics_–_Women's_sprint",104,1
en.wikipedia.org,"List_of_UE_Lleida_managers",221,24
en.wikipedia.org,"Mustang_(film)",1601,77
en.wikipedia.org,"Slash_(punctuation)",4456,97
en.wikipedia.org,"Omiodes_croceiceps",31,2
en.wikipedia.org,"Ronald_Gervase_Mountain",489,5
en.wikipedia.org,"Lewisia_cotyledon",170,5
en.wikipedia.org,"Alien_Earth",530,7
en.wikipedia.org,"Suaeda_aralocaspica",94,2
en.wikipedia.org,"1997–98_Football_League_Trophy",183,5
en.wikipedia.org,"Australia_at_the_2010_Winter_Paralympics",996,29
en.wikipedia.org,"Cedar_Lakes",67,2
en.wikipedia.org,"1984_Ole_Miss_Rebels_football_team",37,1
en.wikipedia.org,"Eclectic_Chronicle",282,4
en.wikipedia.org,"Barnsley_Metropolitan_Borough_Council_elections",346,2
en.wikipedia.org,"Molecular_Partners",1033,43
en.wikipedia.org,"Versicolored_barbet",81,2
de.wikipedia.org,"Sachin_Sahel",60,0
en.wikipedia.org,"Lake_Armaccocha",45,4
en.wikipedia.org,"Callirrhoe_(Oceanid)",91,12
en.wikipedia.org,"Viking_expansion",6574,110
de.wikipedia.org,"Anke_Schäfer",405,0
en.wikipedia.org,"Whit_Wyatt",598,7
en.wikipedia.org,"Rethinking_Violence",84,3
en.wikipedia.org,"Corona_Borealis_in_Chinese_astronomy",49,12
de.wikipedia.org,"Eiskunstlauf-Weltmeisterschaften_1966",147,0
en.wikipedia.org,"Paradise_in_Me",105,10
en.wikipedia.org,"The_Globe_(student_newspaper)",511,24
en.wikipedia.org,"Ino_Station_(Chiba)",49,2
de.wikipedia.org,"WestLB",3018,69
en.wikipedia.org,"Castledine",8,0
en.wikipedia.org,"Summerland_(novel)",666,1
de.wikipedia.org,"Hildegardis-Schwestern_vom_Katholischen_Apostolat",188,1
en.wikipedia.org,"Vegayammapeta",21,0
en.wikipedia.org,"John_Arthur_Roebuck_Rudge",66,2
de.wikipedia.org,"Eishockeymuseum",226,3
de.wikipedia.org,"Chausseehaus_Wimmelburg",163,4
de.wikipedia.org,"Eulenhaus_(Jugendstilhaus)",271,1
de.wikipedia.org,"Nektarvögel",232,0
de.wikipedia.org,"Kartäuser",3353,5
de.wikipedia.org,"Albert_Spaggiari",257,1
de.wikipedia.org,"Maler_der_Nikosia-Olpe",95,0
de.wikipedia.org,"Kalahari",1173,16
de.wikipedia.org,"Cook_Mountains",92,0
de.wikipedia.org,"Colos",379,8
de.wikipedia.org,"Anché_(Vienne)",90,0
de.wikipedia.org,"Kamerunische_Fußballnationalmannschaft_(U-17-Junioren)",98,0
de.wikipedia.org,"Mainbrücke_Bergrheinfeld",514,3
de.wikipedia.org,"Herbert_Alexander_Stützer",111,3
de.wikipedia.org,"U_183",573,15
de.wikipedia.org,"Heuchlinger_Mühle",291,0
de.wikipedia.org,"Amy_Okuda",61,0
de.wikipedia.org,"Dagmar_Becker",314,2
de.wikipedia.org,"Cristian_Cossù",106,3
de.wikipedia.org,"Mustafā_Sādiq_ar-Rāfiʿī",224,0
de.wikipedia.org,"Mapleville",165,1
de.wikipedia.org,"Christian_Gottlieb_Konopack",257,0
de.wikipedia.org,"Frauensee_(Landkreis_Dahme-Spreewald)",115,0
de.wikipedia.org,"Gisela_Deckert",258,1
de.wikipedia.org,"Chila_(Einheit)",31,2
de.wikipedia.org,"Marco_Casolo",2788,24
de.wikipedia.org,"Cellatica",273,2
de.wikipedia.org,"Bear_Stearns_Tournament_of_Champions_2007",125,0
de.wikipedia.org,"Padéma",38,1
de.wikipedia.org,"Raúl_González_(Handballspieler)",272,7
de.wikipedia.org,"David_Bain",145,0
de.wikipedia.org,"Rurich",269,3
de.wikipedia.org,"Diözesanarchitekt",55,3
de.wikipedia.org,"Oludamola_Osayomi",455,4
de.wikipedia.org,"Bangula",164,0
de.wikipedia.org,"2016_FO59",32,1
de.wikipedia.org,"John_Wizards",284,10
de.wikipedia.org,"NGC_7721",102,16
de.wikipedia.org,"Hotel_Weißes_Roß_(Harzgerode)",136,1
de.wikipedia.org,"André_Feldhaus",245,2
de.wikipedia.org,"Liste_der_Bischöfe_von_Shrewsbury_(anglikanisch)",156,0
de.wikipedia.org,"Jessica_Richter",44,2
de.wikipedia.org,"Eduard_August_von_Regel",352,5
de.wikipedia.org,"Naundorf_(Doberschau-Gaußig)",358,3
de.wikipedia.org,"Lünerseewerk",673,16
de.wikipedia.org,"Fadi_Saad",211,15
de.wikipedia.org,"Achmed_Akkabi",95,0
de.wikipedia.org,"SAI_Quiet_Supersonic_Transport",339,2
de.wikipedia.org,"Libanesische_Botschaft_in_Berlin",663,6
de.wikipedia.org,"Verband_der_Modelleisenbahner_und_Eisenbahnfreunde_Europas",383,4
de.wikipedia.org,"Müliberg",65,0
de.wikipedia.org,"Stolper-Samuelson-Theorem",876,9
de.wikipedia.org,"Rainer_Forst",361,3
de.wikipedia.org,"Margarete_Lanner",261,1
de.wikipedia.org,"Eero_Vaara",200,9
de.wikipedia.org,"Soligalitsch",440,2
de.wikipedia.org,"Mexiko-Hurrikan_1959",39,1
de.wikipedia.org,"Rispiges_Gipskraut",394,3
de.wikipedia.org,"Mykoplasmen",664,9
de.wikipedia.org,"Håkonbandet",61,0
de.wikipedia.org,"Anand_Babla",70,3
de.wikipedia.org,"Wiggle_Honda/Saison_2013",34,0
de.wikipedia.org,"Die_Abenteuer_von_Sharkboy_und_Lavagirl_in_3-D",389,3
en.wikipedia.org,"Yang_Zi_(actress)",692,77
de.wikipedia.org,"Bezirk_Stein_(Schaffhausen)",37,2
de.wikipedia.org,"Liste_von_Persönlichkeiten_der_Stadt_Solingen",47,0
de.wikipedia.org,"Roy_Callender",24,1
de.wikipedia.org,"Olympisches_Dorf",220,0
de.wikipedia.org,"Flugplatz_Aichach",224,0
de.wikipedia.org,"Tour_de_France_2004/7._Etappe",355,0
en.wikipedia.org,"Diggin'_in_dah_Vaults",84,0
en.wikipedia.org,"Future_Farmer_Records",47,0
de.wikipedia.org,"Aman",1048,0
de.wikipedia.org,"Ubisoft_Romania",86,2
en.wikipedia.org,"I_Need_Romance",124,3
en.wikipedia.org,"Scott_Ogan",119,4
en.wikipedia.org,"Jordan_Mancino",287,29
de.wikipedia.org,"Office_of_Strategic_Influence",189,0
de.wikipedia.org,"Robert_Carr,_1._Earl_of_Somerset",319,4
en.wikipedia.org,"Michael_Gannon_(obstetrician)",24,2
en.wikipedia.org,"Cable_railings",1275,12
de.wikipedia.org,"Zapfenstreich",610,6
en.wikipedia.org,"Haigh_Foundry",858,6
en.wikipedia.org,"Non_Narai_District",105,3
en.wikipedia.org,"1923_Wake_Forest_Baptists_football_team",111,1
de.wikipedia.org,"Olle_Lönnaeus",210,1
de.wikipedia.org,"Anton_Bornefeld",669,0
en.wikipedia.org,"Trevor_Wilson_(footballer)",28,1
de.wikipedia.org,"Biemühle",311,0
en.wikipedia.org,"Dishnicë",57,3
en.wikipedia.org,"Swimming_at_the_1908_Summer_Olympics_–_Men's_4_×_200_metre_freestyle_relay",117,1
de.wikipedia.org,"David_C._Phillips",487,1
en.wikipedia.org,"Harold_Norman_Carr",81,4
de.wikipedia.org,"Bifascia_nigralbella",422,12
en.wikipedia.org,"Agonidium_rhytoctonum",21,2
en.wikipedia.org,"Alif_Allah_Aur_Insaan",2945,75
en.wikipedia.org,"Damien_Neville",66,1
en.wikipedia.org,"Manni,_Estonia",21,0
de.wikipedia.org,"Rüstung_für_das_Kolbenturnier",657,3
en.wikipedia.org,"John_Thornton_(Leicestershire_cricketer)",106,3
en.wikipedia.org,"Filodes_obscuralis",23,2
en.wikipedia.org,"Pobiedna,_Masovian_Voivodeship",63,1
en.wikipedia.org,"North_End_tube_station",582,9
en.wikipedia.org,"Aurothioglucose",317,5
de.wikipedia.org,"Vitra_Rutschturm",395,2
en.wikipedia.org,"Pennyworth_(ship)",73,3
en.wikipedia.org,"Mariner_(ship)",6,0
de.wikipedia.org,"Alberto_Rodríguez_Librero",184,2
en.wikipedia.org,"Earl_Camembert",657,9
en.wikipedia.org,"Daha,_Jajarkot",44,1
en.wikipedia.org,"Francesca_Neri",221,1
en.wikipedia.org,"Alvin_Wood",243,7
de.wikipedia.org,"Oskar_Wlach",321,0
en.wikipedia.org,"Emma_Larios_Gaxiola",41,1
en.wikipedia.org,"George_Fairfield",86,3
en.wikipedia.org,"Edmund_B._Fitzgerald",346,10
de.wikipedia.org,"Chen_Hung-Ling",70,0
en.wikipedia.org,"Luís_Lopes_de_Sequeira",90,2
en.wikipedia.org,"Giovanni_Cantoni",73,2
en.wikipedia.org,"Ali_Hammoud",187,17
en.wikipedia.org,"Jebel_Aulia_Dam",106,2
en.wikipedia.org,"Jim_Davis_(Ohio_politician)",97,2
de.wikipedia.org,"Investmentclub",764,4
en.wikipedia.org,"Dan_Dworkin",103,4
en.wikipedia.org,"Mark_Mathis",206,4
en.wikipedia.org,"Banisteriopsis",59,6
en.wikipedia.org,"Pen-y-Bont-Fawr",45,0
de.wikipedia.org,"Liste_der_denkmalgeschützten_Objekte_in_Oponice",59,1
en.wikipedia.org,"T._E._Vasudevan",358,11
de.wikipedia.org,"Robin_Weihager",342,7
en.wikipedia.org,"Tristram_Powell",183,9
en.wikipedia.org,"Television_encryption",1563,3
en.wikipedia.org,"Cut_Snake_(band)",200,10
en.wikipedia.org,"Akio_Sasajima",50,1
en.wikipedia.org,"H5N1_clinical_trials",1524,20
en.wikipedia.org,"Redcare",240,2
en.wikipedia.org,"Ukit_Took",131,3
en.wikipedia.org,"David_Stephenson_(climatologist)",106,3
en.wikipedia.org,"Ticrapo_District",15,1
en.wikipedia.org,"Massimo_Loviso",430,23
en.wikipedia.org,"Fauji_Fertilizer_Company",687,9
en.wikipedia.org,"Pattison_College",234,0
de.wikipedia.org,"Adam_Deutsch",436,1
en.wikipedia.org,"Tetraibidion",16,1
en.wikipedia.org,"The_Ride_(1994_film)",15,0
en.wikipedia.org,"Yu_Cheng-hsien",91,2
en.wikipedia.org,"Eldred_Rock_Light",304,7
en.wikipedia.org,"John_Spenkelink",647,20
en.wikipedia.org,"Massimo_Pacetti",394,9
de.wikipedia.org,"Alt_Empordà",206,0
en.wikipedia.org,"Gorganbuy_Rural_District",42,1
en.wikipedia.org,"The_Scenesters",363,7
en.wikipedia.org,"Jones_Island_(Chemung_River)",24,1
en.wikipedia.org,"Leandro_Teijo",33,8
en.wikipedia.org,"1921–22_Illinois_Fighting_Illini_men's_basketball_team",202,14
en.wikipedia.org,"Jay_Meek",115,2
de.wikipedia.org,"Hanse_(Schiff,_2000)",211,2
en.wikipedia.org,"Ruellan_brothers",79,2
de.wikipedia.org,"Thomas_Lackmann",71,1
en.wikipedia.org,"78th_Fighter_Group",1434,44
de.wikipedia.org,"Wildtier-Reservat_Cuyabeno",1803,57
de.wikipedia.org,"Tadashi_Obara",89,0
de.wikipedia.org,"Adolph_Bermpohl_(Schiff)",1452,4
en.wikipedia.org,"Raz,_Razavi_Khorasan",39,1
de.wikipedia.org,"Arda_Turan",984,22
en.wikipedia.org,"Tyuryushevo",32,2
en.wikipedia.org,"1929–30_Polska_Liga_Hokejowa_season",36,0
en.wikipedia.org,"Richard_Honner",349,8
en.wikipedia.org,"Fergus_Smith",153,1
en.wikipedia.org,"List_of_hospitals_in_Kalutara_District",48,0
en.wikipedia.org,"Al-ʿIqd_al-Farīd",344,14
de.wikipedia.org,"Paranoya",1628,17
de.wikipedia.org,"Marc-Édouard_Nabe",77,0
en.wikipedia.org,"Merv_Harvey",3271,130
en.wikipedia.org,"Romain_Ferrier",46,3
en.wikipedia.org,"Cédric_Schneuwly",64,1
en.wikipedia.org,"The_Invisible_Host",213,0
en.wikipedia.org,"The_Good_Life_(Oscar_Peterson_album)",21,2
de.wikipedia.org,"Multiplayer_BattleTech:_EGA",385,6
de.wikipedia.org,"Hafnium(IV)-chlorid",148,15
de.wikipedia.org,"G._G._Anderson/Diskografie",103,0
de.wikipedia.org,"Fahrpersonalrecht",128,1
en.wikipedia.org,"Cyril_Salmon,_Baron_Salmon",327,7
en.wikipedia.org,"Nevfel_Cumart",317,2
de.wikipedia.org,"Fünf-Kugel-Apparat",166,2
de.wikipedia.org,"Buick_Rendezvous",342,7
en.wikipedia.org,"Wait_for_Me:_Ambient",74,3
de.wikipedia.org,"Bjergsted_Sogn",103,2
en.wikipedia.org,"Mathilde_Sternat",200,3
de.wikipedia.org,"Stiftskirche_St._Cyriakus_(Gernrode)",3691,20
en.wikipedia.org,"Jalan_Jengka_20",41,0
de.wikipedia.org,"Karl_Rieck",307,4
de.wikipedia.org,"Sextus_Quintilius_Condianus_(Konsul_151)",123,1
en.wikipedia.org,"San_Lino,_Volterra",223,2
de.wikipedia.org,"Jüdischer_Friedhof_(Heiligenstadt_in_Oberfranken)",815,10
de.wikipedia.org,"Jürgen_Wolter_(Pfarrer)",1249,27
de.wikipedia.org,"Donchery",239,2
de.wikipedia.org,"Jakub_Rzeźniczak",222,0
de.wikipedia.org,"Thorsten_Polomski",87,0
de.wikipedia.org,"Jánské_kameny",517,0
de.wikipedia.org,"Samuel_Lathrop",262,0
de.wikipedia.org,"Jörg_Dehm",282,2
de.wikipedia.org,"Kriminologische_Zentralstelle",213,10
de.wikipedia.org,"Egerdach_(Innsbruck)",286,4
en.wikipedia.org,"The_Aspect-Emperor",149,8
de.wikipedia.org,"Kongressmesse",92,0
en.wikipedia.org,"Muddling_Through",104,1
de.wikipedia.org,"E._V._Haughwout_Building",456,3
en.wikipedia.org,"Into_the_Light_(David_Coverdale_album)",290,8
de.wikipedia.org,"Dow_Corning_Tennis_Classic_2014",211,0
en.wikipedia.org,"Vargeh_Pahneh",44,2
de.wikipedia.org,"Río_Patía",382,8
de.wikipedia.org,"KAWS",220,1
de.wikipedia.org,"Le_Creuset",188,2
de.wikipedia.org,"Thalheim_(Happurg)",411,3
en.wikipedia.org,"National_Register_of_Historic_Places_listings_in_Dubois_County,_Indiana",119,5
de.wikipedia.org,"Yachting_Monthly",109,3
de.wikipedia.org,"(35350)_Lespaul",131,2
de.wikipedia.org,"Kloster_Ellwangen",574,0
de.wikipedia.org,"Friedensfähigkeit",181,0
en.wikipedia.org,"Charles_Edward_Flower",77,5
de.wikipedia.org,"Vera_Int-Veen",509,13
de.wikipedia.org,"Louis_Mountbatten,_1._Earl_Mountbatten_of_Burma",1463,17
de.wikipedia.org,"Brasilianisierung",208,2
de.wikipedia.org,"Whiteout",260,3
de.wikipedia.org,"Gerichtsbuch",148,0
de.wikipedia.org,"Tanja_(Fähre)",407,9
de.wikipedia.org,"Hannelore-Greve-Literaturpreis",35,2
en.wikipedia.org,"Nitrosomonas_oligotropha",22,5
de.wikipedia.org,"Norbert_Stier",373,3
en.wikipedia.org,"List_of_protected_heritage_sites_in_Soignies",43,0
en.wikipedia.org,"Toyota_Motor_Engineering_&_Manufacturing_North_America",192,1
de.wikipedia.org,"Definitionsmenge",965,6
de.wikipedia.org,"Zahnaltersschätzung",319,0
de.wikipedia.org,"Bianca_Vogel",412,7
de.wikipedia.org,"McDonnell_Douglas_KC-10",717,1
de.wikipedia.org,"MultiChrome",83,0
en.wikipedia.org,"Succinea_costaricana",116,6
de.wikipedia.org,"Deutsche_Leichtathletik-Meisterschaften_2009/Resultate",593,39
de.wikipedia.org,"Norbert_Straßburger",236,0
en.wikipedia.org,"Gegenes",12,0
de.wikipedia.org,"Antimon(V)-fluorid",360,14
de.wikipedia.org,"Robert_Picard",412,0
de.wikipedia.org,"Botho_zu_Stolberg-Roßla",330,0
de.wikipedia.org,"Thirsk",247,2
de.wikipedia.org,"Mulla_Hadi_Sabzawari",161,4
de.wikipedia.org,"Leslie_Graham",572,0
de.wikipedia.org,"Stiretrus_anchorago",251,10
de.wikipedia.org,"Il_pirata",772,2
en.wikipedia.org,"Ni_Barim",39,2
de.wikipedia.org,"Bruno_Kreisky_Forum",134,0
de.wikipedia.org,"Hans_Toussaint",486,2
de.wikipedia.org,"Neu-Byhleguhre",292,4
de.wikipedia.org,"Paski_Wielkie",405,8
de.wikipedia.org,"Borowikowo_(Kaliningrad)",384,7
de.wikipedia.org,"Rudolf_Wilczek",391,5
de.wikipedia.org,"BMW_F_700_GS",760,11
de.wikipedia.org,"Franz_Xaver_Wortmann",170,1
de.wikipedia.org,"Olympische_Winterspiele_2022/Eishockey",182,3
de.wikipedia.org,"Franz_Horny",338,0
de.wikipedia.org,"Rimas",12,0
de.wikipedia.org,"1._FC_Bruchsal",234,0
en.wikipedia.org,"Tabley_Inferior",31,1
de.wikipedia.org,"Maumont_(Corrèze)",85,4
de.wikipedia.org,"Groß-Gumpen",269,0
en.wikipedia.org,"Henderson-Glenny_Gadfly",195,15
de.wikipedia.org,"Mittags-Schwertlilie",261,3
de.wikipedia.org,"Filz-Rose",519,21
de.wikipedia.org,"Josh_Lawson",228,3
en.wikipedia.org,"Pelmatoplana",74,1
de.wikipedia.org,"Alvise",13,2
de.wikipedia.org,"Iwan_Jurjewitsch_Jazenko",181,0
en.wikipedia.org,"Shandong_Normal_University",266,0
en.wikipedia.org,"White_Hall,_Alabama",443,8
en.wikipedia.org,"Catmull–Clark_subdivision_surface",278,10
en.wikipedia.org,"Ishiyakushi-juku",169,2
de.wikipedia.org,"Combat_Arms",2471,2
en.wikipedia.org,"Controlled_natural_language",189,9
de.wikipedia.org,"Soziopolis",308,1
de.wikipedia.org,"Georg_Wilhelm_Bartholdy",110,0
de.wikipedia.org,"Wimbledon_Championships_1930/Herrendoppel",14,0
de.wikipedia.org,"Luther_Boyd_Eubanks",258,1
en.wikipedia.org,"SS_Altona_(1877)",110,2
en.wikipedia.org,"Brian_Connor_(footballer)",87,1
en.wikipedia.org,"Romeo_Bleeding:_Live_from_Austin",47,0
en.wikipedia.org,"Metaphrynella",118,8
en.wikipedia.org,"Joseph_Seipelt",265,5
en.wikipedia.org,"The_Box_(Irish_TV_series)",89,1
en.wikipedia.org,"Vetrimaaran",922,20
de.wikipedia.org,"Liste_der_Kulturdenkmale_in_Waabs",38,0
en.wikipedia.org,"Richie_Ross",108,0
de.wikipedia.org,"Transaktionssystem",219,3
en.wikipedia.org,"Chromosome_20",192,26
en.wikipedia.org,"Clément_Sagna",26,1
en.wikipedia.org,"Turner_Memorial_Hospital",103,5
en.wikipedia.org,"Racine_Raiders",390,5
de.wikipedia.org,"Castle_Forbes",851,19
en.wikipedia.org,"Ministry_of_the_Interior_(Greece)",127,0
en.wikipedia.org,"Meurthe_(department)",418,0
en.wikipedia.org,"Maryland_Route_138",551,21
de.wikipedia.org,"Wolfsburg-Gesetz",122,3
en.wikipedia.org,"Izak_Buys",265,4
en.wikipedia.org,"Oktyabrsky,_Amur_Oblast",51,2
de.wikipedia.org,"Gebr._Krell",341,5
en.wikipedia.org,"Filial_mourning",327,0
en.wikipedia.org,"2017_Garbiñe_Muguruza_tennis_season",252,1
en.wikipedia.org,"Terry_Henley",189,13
en.wikipedia.org,"Ancestor_Stones",112,13
en.wikipedia.org,"David_MacKay_McGoun",331,8
en.wikipedia.org,"Claude_Terrasse",116,3
de.wikipedia.org,"Schwingbrücke_(Renfrew)",178,4
de.wikipedia.org,"Liste_der_olympischen_Medaillengewinner_aus_Deutschland/W",0,0
de.wikipedia.org,"Hermann_Ehren",220,0
en.wikipedia.org,"Bonten_Media_Group",205,9
de.wikipedia.org,"Karl_Wucherpfennig",226,4
de.wikipedia.org,"(2508)_Alupka",72,1
en.wikipedia.org,"Cynognathus_Assemblage_Zone",917,39
en.wikipedia.org,"Zédel",434,12
de.wikipedia.org,"Bistum_Charleston",246,2
en.wikipedia.org,"Malaysia_Bill",217,4
en.wikipedia.org,"Kabalas",208,0
en.wikipedia.org,"Jardin_Balfour_(Mauritius)",92,6
en.wikipedia.org,"Route_(gridiron_football)",2116,29
en.wikipedia.org,"Jaime_Lopresti",236,1
en.wikipedia.org,"Kyla_discography",165,14
en.wikipedia.org,"Zuid-Kennemerland_National_Park",574,6
en.wikipedia.org,"Léonce_Mercier",303,11
en.wikipedia.org,"United_States_Council_for_International_Business",222,1
en.wikipedia.org,"Warkany_syndrome_1",123,3
en.wikipedia.org,"Taihei-ji",34,0
en.wikipedia.org,"Levesville-la-Chenard",13,1
en.wikipedia.org,"Sabin_Berthelot",263,1
en.wikipedia.org,"Teslin_Lake",289,2
en.wikipedia.org,"Collier_Motors",368,15
en.wikipedia.org,"Game_drive_system",380,7
de.wikipedia.org,"Belladonna:_No_Warning",67,0
en.wikipedia.org,"Lorena_Independent_School_District",42,1
en.wikipedia.org,"Gol_Gran_Rig",41,1
en.wikipedia.org,"List_of_people_mentioned_in_Herodotus,_Book_One",195,32
en.wikipedia.org,"S.O.S._Italy",71,1
en.wikipedia.org,"14th_Battalion_(Australia)",1343,43
en.wikipedia.org,"MacMahon_family",161,2
en.wikipedia.org,"Dublin_St_Stephen's_Green_(UK_Parliament_constituency)",327,19
de.wikipedia.org,"Stimme_(Wahl)",549,5
en.wikipedia.org,"Dystrophic_calcification",125,4
en.wikipedia.org,"Phil_Whitaker",97,3
de.wikipedia.org,"Chalk_Circle",191,9
en.wikipedia.org,"Tell_Me_Your_Wish_(Genie)_(song)",2346,67
en.wikipedia.org,"Hunter_Brook",11,1
en.wikipedia.org,"Geology_of_Guernsey",643,1
en.wikipedia.org,"List_of_schools_in_Lithuania",10,0
en.wikipedia.org,"Chicken_(2015_film)",385,14
de.wikipedia.org,"Sylvan_Muldoon",180,5
en.wikipedia.org,"Charlotte_Sharman",1285,6
en.wikipedia.org,"Łewond",140,5
en.wikipedia.org,"Willadingen",1097,32
en.wikipedia.org,"1927_Milan–San_Remo",19,0
en.wikipedia.org,"Thomas_F._Lloyd_Historic_District",97,3
de.wikipedia.org,"Honolulu",1229,19
en.wikipedia.org,"Die_Dame_und_der_Blinde",16,0
de.wikipedia.org,"Gauliga_Mittelrhein_1934/35",104,0
en.wikipedia.org,"Christina_Zachariadou",103,1
en.wikipedia.org,"D._Allan_Bromley",464,5
en.wikipedia.org,"2017–18_Texas–Rio_Grande_Valley_Vaqueros_women's_basketball_team",120,4
en.wikipedia.org,"Thomas_Sanderson-Wells",273,7
en.wikipedia.org,"Attar_(caste)",366,3
de.wikipedia.org,"White_Citizens_Council",1378,31
de.wikipedia.org,"Roelf_Meyer",494,18
en.wikipedia.org,"Hamilton-Wentworth_District_School_Board",170,9
de.wikipedia.org,"Liste_von_Grabenbruchseen",35,0
de.wikipedia.org,"Ensemble_am_Chiemsee",188,3
en.wikipedia.org,"Southern_Mandarin_dogfish",361,12
en.wikipedia.org,"Scorpaenodes_minor",39,1
en.wikipedia.org,"Ikuinen_virta",34,1
en.wikipedia.org,"Operation_Begonia",120,3
en.wikipedia.org,"Tirur,_Iran",35,3
de.wikipedia.org,"Cocteau_Twins",781,0
de.wikipedia.org,"İlkan_Karaman",46,0
de.wikipedia.org,"Mario_Lanza",761,1
en.wikipedia.org,"Uzhok_pass",116,0
de.wikipedia.org,"William_Joel",81,0
en.wikipedia.org,"Depalpur_(Vidhan_Sabha_constituency)",46,4
de.wikipedia.org,"Seiya_Kojima",231,0
en.wikipedia.org,"The_Ghost_Bride",173,7
de.wikipedia.org,"Isononansäure",149,10
en.wikipedia.org,"Wilma_Roberts",181,4
de.wikipedia.org,"Aubergine",1343,17
de.wikipedia.org,"Gewurzelter_Baum",476,0
de.wikipedia.org,"Rothenbach_(Elbbach)",100,4
de.wikipedia.org,"Ostfriesische_Nachrichten",857,9
en.wikipedia.org,"Hamid_Karzai_International_Airport",773,38
de.wikipedia.org,"Schwedische_Fußballnationalmannschaft_(U-15-Junioren)",82,0
de.wikipedia.org,"Deutsche_Schwimmmeisterschaften_1906",17,0
de.wikipedia.org,"Rahowa_(Band)",189,7
de.wikipedia.org,"Eduard_Teutsch",110,1
de.wikipedia.org,"Queen_River",227,5
de.wikipedia.org,"Jessica_Jacobs",212,3
de.wikipedia.org,"Wilhelm_Bleckwenn",1675,6
en.wikipedia.org,"Cornelius_Coffey",264,13
en.wikipedia.org,"Hygrophoropsis_rufescens",35,1
en.wikipedia.org,"Charlie_foxtrot",0,0
de.wikipedia.org,"Bozo,_der_Clown",244,2
de.wikipedia.org,"Isaac_Sailmaker",1292,5
de.wikipedia.org,"Shingon-shū",886,5
de.wikipedia.org,"Sellstedter_See_und_Ochsentriftmoor/Wildes_Moor",487,2
en.wikipedia.org,"Southwestern_Brittonic_languages",177,1
de.wikipedia.org,"Grube_Gustav_Bischof",158,2
de.wikipedia.org,"Kurznasenflughunde",380,1
en.wikipedia.org,"XVII_International_AIDS_Conference,_2008",251,24
de.wikipedia.org,"Das_Testament_(Roman)",605,0
de.wikipedia.org,"Zofia_Pociłowska",645,0
en.wikipedia.org,"Asiab-e_Mozaffar",42,1
de.wikipedia.org,"Tobias_John_von_Freyend",162,1
de.wikipedia.org,"Software",1986,51
de.wikipedia.org,"Çagllavica",251,2
de.wikipedia.org,"Dickschalige_Trogmuschel",496,4
de.wikipedia.org,"Liste_der_FFH-Gebiete_im_Saarland",72,0
de.wikipedia.org,"Jonathan_Kakou",77,6
en.wikipedia.org,"The_Falling_Season",87,1
de.wikipedia.org,"Walter_Bettges",229,0
en.wikipedia.org,"Rail_transport_in_Cardiff",1181,7
de.wikipedia.org,"Rembrandt_van_Rijn",8582,114
de.wikipedia.org,"Notebookprozessor",522,0
de.wikipedia.org,"Cendrine_Wolf",219,7
de.wikipedia.org,"Arbeitsgemeinschaft_der_Evangelischen_Jugend",807,5
de.wikipedia.org,"Nólsoy",755,0
en.wikipedia.org,"Marsdale,_St._Catharines",64,0
de.wikipedia.org,"Guiyang_(Chenzhou)",50,1
de.wikipedia.org,"Yule-Walker-Gleichungen",140,0
de.wikipedia.org,"Amt_für_Strassenverkehr_und_Schifffahrt_des_Kantons_Freiburg",582,24
de.wikipedia.org,"Birgel_(Düren)",1371,17
de.wikipedia.org,"Slowakisches_Nationaltheater",1071,4
de.wikipedia.org,"Criminal_negligence_(Vereinigte_Staaten)",65,0
de.wikipedia.org,"Pietraperzia",65,1
de.wikipedia.org,"Deutsche_Handballmeisterschaft_(Frauen)_1967",61,0
de.wikipedia.org,"Rotbadestelle",146,0
de.wikipedia.org,"Owen",922,8
en.wikipedia.org,"Marie_Bankhead_Owen",744,15
de.wikipedia.org,"Wettbewerbe_Aktuell",85,0
de.wikipedia.org,"St._Matthias_(Nieder-Roden)",3755,11
de.wikipedia.org,"Schangaösen",358,5
de.wikipedia.org,"Middelfart",287,5
de.wikipedia.org,"Charles_Petit_(Kaufmann)",386,9
en.wikipedia.org,"Conical_roof",277,7
de.wikipedia.org,"C/1861_J1_(Großer_Komet)",1221,8
de.wikipedia.org,"Mittelalterlich_Phantasie_Spectaculum",690,27
en.wikipedia.org,"Medal_for_Bravery_(Austria-Hungary)",432,1
de.wikipedia.org,"Verwaltungsgemeinschaft_Fuchstal",50,2
de.wikipedia.org,"Departamento_San_Salvador_(El_Salvador)",74,0
de.wikipedia.org,"Bregenzer_Festspiele",635,12
en.wikipedia.org,"Plant_X",462,11
de.wikipedia.org,"Papyrus_Leiden_I_344",1058,4
en.wikipedia.org,"The_Chosen_Ones_(Stratovarius_album)",33,1
de.wikipedia.org,"Maistaller_Berg",102,0
de.wikipedia.org,"Dejan_Stojanović_(Autor)",1304,13
de.wikipedia.org,"ჶ",69,0
de.wikipedia.org,"Gintaras_Krapikas",295,4
de.wikipedia.org,"Liste_der_Figurengruppen_in_der_Berliner_Siegesallee",1209,60
de.wikipedia.org,"University_of_Northern_Iowa",101,0
de.wikipedia.org,"Tondela",470,16
en.wikipedia.org,"University_of_Lahore",877,1
en.wikipedia.org,"Triors_Abbey",147,1
de.wikipedia.org,"Fukushirō_Nukaga",312,3
de.wikipedia.org,"Elisabeth_von_Gustedt",442,0
de.wikipedia.org,"Träglhof",516,14
de.wikipedia.org,"Hühnerloh",242,3
en.wikipedia.org,"Chenôves",17,1
en.wikipedia.org,"Leon_Thijssen",245,9
de.wikipedia.org,"Måndan",180,1
de.wikipedia.org,"Liste_der_Staatsoberhäupter_177_v._Chr.",35,0
en.wikipedia.org,"Lakeside_(electoral_district)",252,6
de.wikipedia.org,"Gianni_Amadei",60,1
de.wikipedia.org,"Furcifer_polleni",362,0
de.wikipedia.org,"Liste_der_Monuments_historiques_in_Trélivan",21,0
de.wikipedia.org,"Weihnachtsmann_&_Co._KG",290,2
en.wikipedia.org,"The_Horn_of_Mortal_Danger",754,0
en.wikipedia.org,"Joseph_Davis_State_Park",246,12
de.wikipedia.org,"Feelin’_Good",226,0
en.wikipedia.org,"HMS_Tantivy_(P319)",163,1
en.wikipedia.org,"Baby_Come_to_Me_(Regina_Belle_song)",118,1
de.wikipedia.org,"Notepad2",114,0
en.wikipedia.org,"KORK-CD",37,0
en.wikipedia.org,"1851_Pennsylvania_gubernatorial_election",39,1
en.wikipedia.org,"Moonstone_(The_Outer_Limits)",516,5
de.wikipedia.org,"Barselius_Kipyego",65,1
en.wikipedia.org,"Juho_Suomalainen",35,1
de.wikipedia.org,"Weipa",491,10
de.wikipedia.org,"Spaltfußgans",1280,18
en.wikipedia.org,"Discodoris_schmeltziana",21,1
en.wikipedia.org,"Shkëlzen",49,1
en.wikipedia.org,"Raiders_of_the_Pop_Charts",101,0
en.wikipedia.org,"Dinitrogen_trioxide",199,6
en.wikipedia.org,"We_All_Fall_Down_(Caldwell_novel)",99,0
de.wikipedia.org,"Jüdischer_Friedhof_(Greifswald)",268,2
de.wikipedia.org,"Olaf_Bunke",250,1
en.wikipedia.org,"List_of_ambassadors_of_Malaysia_to_Morocco",40,1
en.wikipedia.org,"Harewood,_New_Zealand",147,2
en.wikipedia.org,"Second_Salmond_government",122,5
en.wikipedia.org,"Compacts_of_Basel",83,6
de.wikipedia.org,"Lucklum",403,4
en.wikipedia.org,"Sainte-Chapelle_(choir)",329,4
de.wikipedia.org,"Freilichtbühne_Lübeck",163,1
en.wikipedia.org,"Mbanx",196,1
en.wikipedia.org,"Cold_Turkey",653,32
en.wikipedia.org,"List_of_New_York_State_Historic_Markers_in_Niagara_County,_New_York",16,2
en.wikipedia.org,"SR_Fernsehen",67,0
en.wikipedia.org,"Vitino",136,1
en.wikipedia.org,"Sukhanand_Dham",82,3
en.wikipedia.org,"Arnprior_Solar_Generating_Station",80,0
en.wikipedia.org,"Tryggvason",4,0
de.wikipedia.org,"Holy_Blood",526,8
en.wikipedia.org,"Digby_(provincial_electoral_district)",78,1
en.wikipedia.org,"Veikko_Ennala",43,0
de.wikipedia.org,"Charles_Williams,_Baron_Williams_of_Elvel",316,0
de.wikipedia.org,"Queen_Charlotte_Airlines",148,1
de.wikipedia.org,"Vulcano",1518,1
en.wikipedia.org,"USS_Dolphin_(1777)",171,0
en.wikipedia.org,"List_of_political_parties_in_Catalonia",10,0
en.wikipedia.org,"Simon_Meredith_House",91,3
en.wikipedia.org,"George_Plimpton",2271,62
en.wikipedia.org,"Qalal,_Azerbaijan",32,1
en.wikipedia.org,"Howco",212,3
en.wikipedia.org,"Ensemble_Georgika",83,0
de.wikipedia.org,"Algarve-Cup_1994",187,0
en.wikipedia.org,"Gary_Hogan",73,2
en.wikipedia.org,"W70_at_the_2014_European_Masters_Athletics_Championships",40,0
en.wikipedia.org,"Bakonyszücs",8,0
en.wikipedia.org,"Reggie_Barnes_(linebacker)",24,1
en.wikipedia.org,"The_Mask_of_Apollo",520,0
en.wikipedia.org,"La_Macarena,_Meta",544,4
de.wikipedia.org,"Bahnstrecke_Púchov–Horní_Lideč",220,2
en.wikipedia.org,"You_(Kate_Havnevik_album)",39,5
en.wikipedia.org,"Suicide_clutch",1693,11
en.wikipedia.org,"Sorin_Rădoi_(footballer,_born_1990)",133,10
en.wikipedia.org,"Barbora_Brémová",111,8
en.wikipedia.org,"Robert_Stallman",61,4
en.wikipedia.org,"Iván_López_(footballer,_born_1993)",213,7
de.wikipedia.org,"Furmecyclox",116,12
en.wikipedia.org,"Circuit_Court_(Ireland)",767,2
en.wikipedia.org,"Johnny_on_the_Spot",15,0
en.wikipedia.org,"Bapsfontein",221,4
de.wikipedia.org,"Hans_Eschebach",896,0
en.wikipedia.org,"Institut_catholique_d'arts_et_métiers",89,2
de.wikipedia.org,"David_McCagg",160,1
en.wikipedia.org,"Less_is_More_Tour",448,23
de.wikipedia.org,"Vincent_Burek",232,0
en.wikipedia.org,"J-Kwon",345,14
en.wikipedia.org,"Catharina_Neelissen",63,0
en.wikipedia.org,"Thomas_Kyne",91,2
en.wikipedia.org,"Nanuuseq_Fjord",136,5
en.wikipedia.org,"Oban_Hydro",273,1
en.wikipedia.org,"Robert_Audi",637,4
de.wikipedia.org,"Castiglione_del_Genovesi",142,1
de.wikipedia.org,"Heinrich_XXVII._von_Schwarzburg",467,0
en.wikipedia.org,"Zarem",41,2
en.wikipedia.org,"Katsuhiro_Matsumoto",79,3
en.wikipedia.org,"Job_safety_analysis",1167,4
en.wikipedia.org,"Odnoga-Kuźmy",37,1
en.wikipedia.org,"2017_USL_season",224,30
en.wikipedia.org,"Sudai",39,0
en.wikipedia.org,"Teenage_Shutdown!_Nobody_to_Love",238,17
en.wikipedia.org,"Sveinn",4,0
de.wikipedia.org,"Daniel_Roi",623,26
en.wikipedia.org,"Otis,_Wisconsin",17,2
en.wikipedia.org,"Lin_Saunders",56,2
en.wikipedia.org,"Peak_uranium",8905,231
en.wikipedia.org,"Odostomia_communis",324,5
en.wikipedia.org,"Han_Hye-song",43,4
de.wikipedia.org,"SM-sarja_1934/35",260,0
de.wikipedia.org,"Landschaftsschutzgebiet_Grünland_südlich_Wache",308,0
en.wikipedia.org,"Darmishan",36,2
en.wikipedia.org,"Pretty_Little_Liars_(season_2)",6991,93
de.wikipedia.org,"Tetraphenylblei",101,12
de.wikipedia.org,"Songo_Mnara",163,2
en.wikipedia.org,"List_of_place_names_of_Native_American_origin_in_New_England",631,0
de.wikipedia.org,"Ragnar_Svensson",533,0
de.wikipedia.org,"The_Conqueror_Worm",1358,5
de.wikipedia.org,"Homosexualität_in_Mexiko",673,29
en.wikipedia.org,"Only_One_(Sigala_song)",77,10
en.wikipedia.org,"Do_the_B-side",133,1
en.wikipedia.org,"Resch's",220,2
en.wikipedia.org,"La_Hija_del_Mariachi",638,0
de.wikipedia.org,"Pulverturm_(Otjimbingwe)",64,2
en.wikipedia.org,"Pink_TV_(Serbia)",1243,2
en.wikipedia.org,"Arnfinn_Hofstad",169,9
en.wikipedia.org,"TÖMER",527,2
de.wikipedia.org,"Eugen_Helmlé",166,0
de.wikipedia.org,"Wrex_Tarr",88,2
de.wikipedia.org,"Kelberg",828,6
de.wikipedia.org,"BBÖ_1080",549,3
de.wikipedia.org,"Gotteshausbund",817,6
de.wikipedia.org,"Liste_der_Biografien/Elv",5,0
de.wikipedia.org,"La_Hougue_Bie",322,0
de.wikipedia.org,"Sanjurge",61,4
de.wikipedia.org,"Jeronim_Isidor_Chimy",168,2
de.wikipedia.org,"St-Étienne_(Toul)",904,1
de.wikipedia.org,"Obří_důl",106,0
en.wikipedia.org,"2013_Fergana_Challenger_–_Women's_Singles",32,0
de.wikipedia.org,"Húsavíkurgöng",65,2
de.wikipedia.org,"Doris_Hoch",182,0
en.wikipedia.org,"Nautical_chart",1906,6
en.wikipedia.org,"Nepal_Progressive_Trade_Union_Federation",82,0
de.wikipedia.org,"Mohamed_Daf",139,2
de.wikipedia.org,"Weißband-Sonnennymphe",335,4
de.wikipedia.org,"Siebenhardenbeliebung",1461,26
de.wikipedia.org,"Edgewood_(Texas)",182,0
en.wikipedia.org,"The_Rampant_Age",29,1
de.wikipedia.org,"Fast_&_Furious_6",1358,53
de.wikipedia.org,"Bedingungslose_positive_Wertschätzung",198,0
de.wikipedia.org,"Jutta_Oesterle-Schwerin",495,9
en.wikipedia.org,"Liu_Guosong",3211,1
de.wikipedia.org,"Kadiogo",53,3
de.wikipedia.org,"Josef_Floren",171,2
de.wikipedia.org,"Vaccinium_parvifolium",340,12
de.wikipedia.org,"Timofei_Skrjabin",125,0
de.wikipedia.org,"Aude_Landry",146,0
de.wikipedia.org,"Artur_Odescalchi",154,8
de.wikipedia.org,"Botan",341,3
de.wikipedia.org,"Mark-Almond",87,2
en.wikipedia.org,"Frederick_George_Carrington",179,3
en.wikipedia.org,"Massacre_in_Zakroczym",210,0
en.wikipedia.org,"Agnieszka_Cyl",36,0
de.wikipedia.org,"Über_sieben_Brücken_mußt_du_gehn",674,7
de.wikipedia.org,"Salmann_Cleman",348,4
de.wikipedia.org,"Ludomir_Różycki",295,2
de.wikipedia.org,"Evangelisch-lutherische_Kirche_Waldau",333,3
de.wikipedia.org,"Oberlausitzer_Radfahrer-Bund",74,9
de.wikipedia.org,"Connect-R",383,3
de.wikipedia.org,"Friedrich_Lüddecke",227,11
de.wikipedia.org,"Johann_Tobias_Mayer",334,2
de.wikipedia.org,"Reimar_Gilsenbach",475,3
de.wikipedia.org,"Markus_Güntner",108,0
en.wikipedia.org,"China_Everbright_Group",660,22
de.wikipedia.org,"American_Express",1181,10
de.wikipedia.org,"Ethniki_Ypiresia_Pliroforion",117,0
en.wikipedia.org,"Osage_Creek_(Kings_River_tributary)",169,6
de.wikipedia.org,"Giuseppe_D’Agata",172,0
de.wikipedia.org,"Lutz_Schüler",193,8
de.wikipedia.org,"Marie-France_Pisier",1076,11
de.wikipedia.org,"Liste_der_Lieder_von_Helene_Fischer",212,0
de.wikipedia.org,"Earl_of_Ruglen",259,0
de.wikipedia.org,"Römer_+_Römer",737,33
de.wikipedia.org,"Peter_Burtz",221,6
de.wikipedia.org,"ETTU_Champions_League_2012/13",162,1
en.wikipedia.org,"Norrahammar",57,1
de.wikipedia.org,"Andrea_Kalchbrenner",249,2
en.wikipedia.org,"Michel_Charland",24,1
de.wikipedia.org,"Kawaida",550,9
en.wikipedia.org,"Ball_Bearing_(advertisement)",514,14
de.wikipedia.org,"Jedouchov",912,3
de.wikipedia.org,"Studium_generale",749,16
de.wikipedia.org,"Pyrametostrobin",51,4
de.wikipedia.org,"Lost_Junction_–_Irgendwo_im_Nirgendwo",332,5
de.wikipedia.org,"Gottfried_Wilhelm_Bueren",159,0
en.wikipedia.org,"The_Rocketboys",947,4
de.wikipedia.org,"Liste_multivariater_und_matrixvariater_Wahrscheinlichkeitsverteilungen",136,12
de.wikipedia.org,"Europium(II)-sulfid",111,9
de.wikipedia.org,"Julius_Spiegelberg",459,9
en.wikipedia.org,"Red_Bull_Cape_Fear",80,3
de.wikipedia.org,"Orangeburg_County",368,7
de.wikipedia.org,"Molekulare_Uhr",309,4
de.wikipedia.org,"Robin_Meyer-Lucht",313,11
en.wikipedia.org,"Single-O",13,0
de.wikipedia.org,"Human_Rights_Campaign",171,2
en.wikipedia.org,"Euryops_pectinatus",195,8
en.wikipedia.org,"Spindletop_Hall",757,5
de.wikipedia.org,"Sparkasse_Werl",558,6
de.wikipedia.org,"Fernand_Le_Rachinel",194,0
en.wikipedia.org,"J._P._Cross",186,3
de.wikipedia.org,"Andrea_Johlige",124,0
de.wikipedia.org,"Helenenkapelle_(Bonn)",273,3
de.wikipedia.org,"Valvo",632,2
de.wikipedia.org,"Monika_Baumgartl",145,0
de.wikipedia.org,"Strahlrohrregler",237,3
en.wikipedia.org,"Lagos_State_House_of_Assembly",568,6
en.wikipedia.org,"2012_Communist_Party_of_Bohemia_and_Moravia_leadership_election",52,2
de.wikipedia.org,"Ihamaru",164,3
de.wikipedia.org,"Irina_Pauls",279,0
en.wikipedia.org,"FIBT_World_Championships_2015",53,8
en.wikipedia.org,"Montauk_County_Park",853,10
de.wikipedia.org,"Waldfriedhof_Lauheide",830,1
de.wikipedia.org,"Deutsche_Dreiband-Meisterschaft_1969/70",919,7
en.wikipedia.org,"Iphigenia",1925,30
en.wikipedia.org,"Lemonia",18,1
de.wikipedia.org,"Olympische_Geschichte_des_Iran",1769,5
en.wikipedia.org,"William_Orlando_Darby",787,6
en.wikipedia.org,"Gildersleeve_on_Broadway",26,4
de.wikipedia.org,"Liste_der_Naturdenkmale_in_Schwirzheim",45,2
en.wikipedia.org,"EU–US_Open_Skies_Agreement",949,20
en.wikipedia.org,"Cadbury_family",15,7
en.wikipedia.org,"Schöppenstedt_(Samtgemeinde)",56,0
en.wikipedia.org,"Eklavya_Sports_Stadium",131,5
en.wikipedia.org,"Risqué_(group)",32,2
de.wikipedia.org,"Badische_Weinkönigin",27,0
en.wikipedia.org,"Marcel_Simon_(footballer)",20,1
en.wikipedia.org,"J&F_Investimentos",430,21
en.wikipedia.org,"Karnataka_Fire_and_Emergency_Services",374,19
en.wikipedia.org,"Morán_Morán",205,7
en.wikipedia.org,"Muganly,_Agsu",34,0
de.wikipedia.org,"Jüdischer_Friedhof_(Hopsten)",78,1
de.wikipedia.org,"St._Simon_und_Judas_Thaddäus_(Holzgünz)",820,10
en.wikipedia.org,"Battle_of_Tampa",800,9
de.wikipedia.org,"Jean_Léturgie",117,2
en.wikipedia.org,"Phosphodiesterase_4",12,0
en.wikipedia.org,"Mohammad_Hussein",76,2
en.wikipedia.org,"Jimmy_Rollins",4663,181
en.wikipedia.org,"Clifford_Shull",587,1
en.wikipedia.org,"Clackamas_County,_Oregon",1332,17
en.wikipedia.org,"Kidnapping_of_Elizabeth_Smart",3435,123
en.wikipedia.org,"Akupu,_Hawaii",52,1
en.wikipedia.org,"1954_Clemson_Tigers_football_team",16,1
en.wikipedia.org,"Tuczno,_Greater_Poland_Voivodeship",91,1
en.wikipedia.org,"Percheron_(series)",257,3
en.wikipedia.org,"Ricardo_Triviño",66,0
de.wikipedia.org,"Willy_Hofmann",139,0
en.wikipedia.org,"Minjung",2678,30
de.wikipedia.org,"Tatnachweis",675,7
en.wikipedia.org,"Captain_of_the_Honourable_Corps_of_Gentlemen-at-Arms",45,0
en.wikipedia.org,"Marion_Scott_(musicologist)",1501,0
en.wikipedia.org,"The_Greatest_Man_That_Ever_Lived_(Variations_on_a_Shaker_Hymn)",1060,33
de.wikipedia.org,"Vincent_Lingiari",740,4
en.wikipedia.org,"John_Paddy_Carstairs",160,4
en.wikipedia.org,"2012_Pro12_Grand_Final",84,6
en.wikipedia.org,"Commission_of_rebellion",64,0
en.wikipedia.org,"Matt_DeCaro",134,2
en.wikipedia.org,"Graceful_priapella",44,2
en.wikipedia.org,"Tabalus",202,3
en.wikipedia.org,"Kimera_(singer)",814,12
de.wikipedia.org,"Punta_Rubia_y_Santa_Isabel",107,3
en.wikipedia.org,"Sandy_Claws_(film)",529,1
en.wikipedia.org,"Campaign_for_Social_Science",699,11
de.wikipedia.org,"Bertrand_du_Guesclin",832,2
en.wikipedia.org,"Diocese_of_Aberdeen_and_Orkney",404,56
en.wikipedia.org,"List_of_hospitals_in_Arkansas",11,0
en.wikipedia.org,"Yami_to_Bōshi_to_Hon_no_Tabibito",390,5
en.wikipedia.org,"2008_Tripoli,_Lebanon_bombing",323,7
en.wikipedia.org,"Yalı_Mosque",124,4
en.wikipedia.org,"Zahid_Ali_(actor)",74,3
de.wikipedia.org,"STS-61",1028,0
de.wikipedia.org,"Popmart_Tour",339,0
en.wikipedia.org,"2014–15_BeNe_League",210,11
en.wikipedia.org,"Trad.Attack!",272,7
en.wikipedia.org,"Lanyon,_Iowa",217,6
en.wikipedia.org,"Family_Pharmacy",38,0
en.wikipedia.org,"And_the_Weathermen_Shrug_Their_Shoulders",320,5
en.wikipedia.org,"Dragon_in_Jail",189,0
en.wikipedia.org,"Dialan_sur_Chaîne",34,1
de.wikipedia.org,"Maaike",32,1
en.wikipedia.org,"Anatoliy_Nogovitsyn",141,1
en.wikipedia.org,"David_Vladeck",1304,31
de.wikipedia.org,"Synusie",171,0
en.wikipedia.org,"Eupatorium_quaternum",12,0
de.wikipedia.org,"(374)_Burgundia",87,0
en.wikipedia.org,"Pharbelus",105,4
en.wikipedia.org,"Mathangwane",2660,32
de.wikipedia.org,"BeBook",77,0
de.wikipedia.org,"Mägdeturm",325,5
en.wikipedia.org,"Rajinder_Beri",106,3
en.wikipedia.org,"Faustus_(cat)",146,0
en.wikipedia.org,"Gee_Langdon",121,16
en.wikipedia.org,"Phosphatidylinositol_deacylase",73,0
en.wikipedia.org,"Silverchair_discography",190,87
en.wikipedia.org,"Ivan_Seleznyov",244,8
en.wikipedia.org,"Trolleybuses_in_Ancona",140,2
en.wikipedia.org,"2010_Swiss_Cup_Basel",88,0
de.wikipedia.org,"Bernhard_Germeshausen",597,0
de.wikipedia.org,"Hermann_Julier",781,0
en.wikipedia.org,"Dmitri_Maslennikov",41,1
de.wikipedia.org,"Janie_Thacker",72,0
en.wikipedia.org,"I'm_Alive_(Willie_Nelson_song)",480,20
en.wikipedia.org,"Black_Throat",128,10
en.wikipedia.org,"United_Kingdom_in_the_Eurovision_Song_Contest_1959",354,9
en.wikipedia.org,"KBS_Entertainment_Awards",234,54
de.wikipedia.org,"Chan_el-Chalili",438,8
de.wikipedia.org,"Golden_Globe_Awards_1998",248,1
en.wikipedia.org,"Mezobromelia_bicolor",20,2
de.wikipedia.org,"Kiranti-Sprachen",94,0
de.wikipedia.org,"ADAC_Formel_Masters_2008",65,0
de.wikipedia.org,"AMD_Phenom_II_(Mobil)",226,0
en.wikipedia.org,"Eupithecia_xylopsis",16,3
de.wikipedia.org,"Blücher_(Schiff,_1937)",741,5
de.wikipedia.org,"Edgar_Roquette-Pinto",223,0
en.wikipedia.org,"Nicolas_Mohr",17,0
en.wikipedia.org,"Harry_Semels",132,3
de.wikipedia.org,"Taras_Mychalyk",261,2
de.wikipedia.org,"Crassula_deceptor",264,2
de.wikipedia.org,"Henry_Kolker",286,5
de.wikipedia.org,"Joseph_Victor_von_Scheffel",1875,14
de.wikipedia.org,"Tiger_(Software)",66,0
de.wikipedia.org,"Sabbatai_Ben_Josef",489,0
de.wikipedia.org,"Billy_Burch",190,0
en.wikipedia.org,"Mil_Mi-22",111,0
en.wikipedia.org,"Moxley_&_Co.",30,0
en.wikipedia.org,"Eyes_of_an_Angel",1744,1
en.wikipedia.org,"Reginald_Victor_Jones",1009,15
de.wikipedia.org,"Episkopalkirche_von_Jerusalem_und_dem_Nahen_Osten",134,0
de.wikipedia.org,"Theodor_Straub",404,8
en.wikipedia.org,"Percy_Northcote",143,7
de.wikipedia.org,"Landmeister_in_Livland",472,2
de.wikipedia.org,"Karl-Joseph_Hummel",177,0
de.wikipedia.org,"Carl_Otto_Harz",74,1
de.wikipedia.org,"Todor_Iwantschow",356,0
de.wikipedia.org,"Hinterland_(Roman)",109,2
de.wikipedia.org,"Pampatheriidae",4582,108
de.wikipedia.org,"Roberto_Cinquini",61,0
de.wikipedia.org,"Dome_Glacier",81,1
de.wikipedia.org,"N-Chloranilin",41,5
de.wikipedia.org,"Moss",832,2
de.wikipedia.org,"Jerry_Moran",399,1
de.wikipedia.org,"Fairfax_(Washington)",95,3
de.wikipedia.org,"Manchurochelys",70,0
en.wikipedia.org,"Toronto_Drydock_Company",610,7
de.wikipedia.org,"Quatember",421,2
de.wikipedia.org,"NGC_4685",95,13
de.wikipedia.org,"Gustavo_Adolfo_Palma",428,0
de.wikipedia.org,"Liste_der_Olympiasieger_im_Boxen",69,0
de.wikipedia.org,"Alpiner_Nor-Am_Cup_2011/12",93,0
de.wikipedia.org,"Benjamin_Kramme",145,3
en.wikipedia.org,"Dominic_Bianchi",72,2
de.wikipedia.org,"Albrecht_Fröhlich",422,5
de.wikipedia.org,"Dickschaliger_Kartoffelbovist",255,3
en.wikipedia.org,"Harry_Pitchford",172,4
en.wikipedia.org,"Catrielia",12,0
de.wikipedia.org,"Kańczuga",295,4
de.wikipedia.org,"Horst_Pietschmann",591,4
de.wikipedia.org,"Spertendorf",434,1
de.wikipedia.org,"Kuo_Jung_Tsai",91,2
de.wikipedia.org,"Harmelen",276,2
de.wikipedia.org,"Aliso_(Ortsname)",356,9
de.wikipedia.org,"Ilan_Eshkeri",63,0
de.wikipedia.org,"Mount_Casey",80,0
en.wikipedia.org,"Lebedyn,_Cherkasy_Oblast",100,6
de.wikipedia.org,"Old_Mans_Head",83,0
de.wikipedia.org,"Mannschaftsheim",94,0
de.wikipedia.org,"Günther-Prien-Schule_(Litzmannstadt)",2517,24
en.wikipedia.org,"Hilja",13,1
de.wikipedia.org,"Christoph_Pfau",320,1
de.wikipedia.org,"Otto_Riller",132,10
en.wikipedia.org,"Solryggen",61,2
de.wikipedia.org,"No_Parlez",323,5
de.wikipedia.org,"Angélique_Roujas",442,6
de.wikipedia.org,"Barmstede_(Adelsgeschlecht)",560,0
de.wikipedia.org,"Hayashi_Razan",501,2
en.wikipedia.org,"Deb_Covey",45,7
de.wikipedia.org,"Gmina_Kętrzyn",595,4
de.wikipedia.org,"Descendants_–_Die_Nachkommen",1429,21
de.wikipedia.org,"Game_Center",499,5
de.wikipedia.org,"Wolf_Schluchter",586,12
en.wikipedia.org,"Scott_Munninghoff",370,3
de.wikipedia.org,"Canon_Lahitolle_de_95_mm",593,1
de.wikipedia.org,"Ilkka_Koski",165,0
de.wikipedia.org,"Johann_Karl_Friedrich_Jost",196,1
de.wikipedia.org,"Japan_Open_1993_(Tennis)",46,0
de.wikipedia.org,"Saray_(Tekirdağ)",95,2
de.wikipedia.org,"Rockumentary",174,2
en.wikipedia.org,"Littletown,_West_Yorkshire",83,0
de.wikipedia.org,"Flussleitstück",103,8
de.wikipedia.org,"Grasski-Europameisterschaft",198,0
de.wikipedia.org,"Wolfgang_Tenk",123,2
en.wikipedia.org,"Fun_(Da_Mob_song)",171,2
de.wikipedia.org,"Barryville–Shohola_Bridge",1221,14
de.wikipedia.org,"Hans_Heimann",200,0
de.wikipedia.org,"Lolinalkaloide",458,14
de.wikipedia.org,"Roberto_Brunelli",165,5
de.wikipedia.org,"Rumänische_Eishockeyliga_2014/15",350,0
de.wikipedia.org,"Cité_de_l’architecture_et_du_patrimoine",253,1
de.wikipedia.org,"Provinz_Azuay",351,1
de.wikipedia.org,"Markuskirche_(Berlin-Steglitz)",938,2
en.wikipedia.org,"North_Llanrwst_railway_station",418,9
de.wikipedia.org,"Thermoregulation",4081,6
en.wikipedia.org,"Swaleh_Naqvi",44,3
de.wikipedia.org,"Petrus_Herbert",220,1
de.wikipedia.org,"August-Pieper-Straße_4–10_(Mönchengladbach)",607,1
de.wikipedia.org,"Verschleppung_von_Kärntnern_nach_Jugoslawien_1945",500,5
de.wikipedia.org,"Bundestagswahlkreis_Reutlingen",195,3
de.wikipedia.org,"Mullewapp_–_Das_große_Kinoabenteuer_der_Freunde",540,4
de.wikipedia.org,"Battlefield_3",4561,53
en.wikipedia.org,"Bilton_Banks,_Northumberland",875,12
de.wikipedia.org,"Kanton_Ausserschwyz",258,0
de.wikipedia.org,"Liste_der_Naturdenkmale_in_Bellheim",30,2
de.wikipedia.org,"Nerses_V.",155,0
de.wikipedia.org,"Diestelbruch",286,6
de.wikipedia.org,"Tatort:_Zeitzünder",834,4
de.wikipedia.org,"Fred_Alexander_(Schauspieler)",177,0
de.wikipedia.org,"Golbey",570,2
de.wikipedia.org,"Luther_Severance",272,0
de.wikipedia.org,"T-Net",219,3
de.wikipedia.org,"Libyen-Feldzugmedaille",157,1
de.wikipedia.org,"Ana_Maria_Bican",155,3
de.wikipedia.org,"Wilhelm_III._(Burgund)",87,0
de.wikipedia.org,"Hartmut_Kallmann",184,3
de.wikipedia.org,"Saint-Nicolas-de-Bliquetuit",75,0
de.wikipedia.org,"Haram_(heiliger_Bezirk)",5159,93
de.wikipedia.org,"Grand_Army_of_the_Republic",445,8
de.wikipedia.org,"Talboden",462,3
de.wikipedia.org,"Carolina_Barco",94,0
de.wikipedia.org,"Hōjō",329,1
